Survived,Pclass,Age,SibSp,Parch,Fare,Sex_female,Sex_male,Embarked_C,Embarked_Q,Embarked_S,Age_Disc,FamilySize,AgeGroup,Fare_EqualFreq
0,3,0.2711736617240512,1,0,0.014151057562208049,False,True,False,False,True,22.0,2,Young Adult,Low
1,1,0.4722292033174164,1,0,0.13913573538264068,True,False,True,False,False,38.0,2,Adult,Very High
1,3,0.32143754712239253,0,0,0.015468569817999833,True,False,False,False,True,26.0,1,Young Adult,Medium
1,1,0.4345312892686604,1,0,0.10364429745562033,True,False,False,False,True,35.0,2,Adult,Very High
0,3,0.4345312892686604,0,0,0.015712553569072387,False,True,False,False,True,35.0,1,Adult,Medium
0,3,0.36792055349407915,0,0,0.01650950209357577,False,True,False,True,False,29.69911764705882,1,Young Adult,Medium
0,1,0.6732847449107816,0,0,0.10122885832000206,False,True,False,False,True,54.0,1,Elderly,Very High
0,3,0.01985423473234481,3,1,0.04113566043083236,False,True,False,False,True,2.0,5,Child,High
1,3,0.33400351847197784,0,2,0.021730754366528396,True,False,False,False,True,27.0,3,Young Adult,Medium
1,2,0.17064589092736868,1,0,0.058694292654020104,True,False,True,False,False,14.0,2,Child,High
1,3,0.04498617743151546,1,1,0.03259622914329302,True,False,False,False,True,4.0,3,Child,High
1,1,0.723548630309123,0,0,0.051822148727810165,True,False,False,False,True,58.0,1,Elderly,High
0,3,0.24604171902488062,0,0,0.015712553569072387,False,True,False,False,True,20.0,1,Young Adult,Medium
0,3,0.4847951746670017,1,5,0.06104473451835265,False,True,False,False,True,39.0,7,Adult,Very High
0,3,0.17064589092736868,0,0,0.015330377421392339,True,False,False,False,True,14.0,1,Child,Low
1,2,0.685850716260367,0,0,0.03122992013728673,True,False,False,False,True,55.0,1,Elderly,High
0,3,0.01985423473234481,4,1,0.05684821399990475,False,True,False,True,False,2.0,6,Child,High
1,2,0.36792055349407915,0,0,0.025374310111545468,False,True,False,False,True,29.69911764705882,1,Young Adult,Medium
0,3,0.38426740387031916,1,0,0.03513366015444757,True,False,False,False,True,31.0,2,Adult,High
1,3,0.36792055349407915,0,0,0.014102260811993537,True,False,True,False,False,29.69911764705882,1,Young Adult,Low
0,2,0.4345312892686604,0,0,0.050748620223090936,False,True,False,False,True,35.0,1,Adult,High
1,2,0.4219653179190751,0,0,0.025374310111545468,False,True,False,False,True,34.0,1,Adult,Medium
1,3,0.18321186227695402,0,0,0.015671954672893913,True,False,False,True,False,15.0,1,Child,Medium
1,1,0.34656948982156316,0,0,0.06929138530460494,False,True,False,False,True,28.0,1,Young Adult,Very High
0,3,0.09525006282985675,3,1,0.04113566043083236,True,False,False,False,True,8.0,5,Child,High
1,3,0.4722292033174164,1,5,0.06126431989431795,True,False,False,False,True,38.0,7,Adult,Very High
0,3,0.36792055349407915,0,0,0.014102260811993537,False,True,True,False,False,29.69911764705882,1,Young Adult,Low
0,1,0.2334757476752953,3,2,0.5133418122566507,False,True,False,False,True,19.0,6,Young Adult,Very High
1,3,0.36792055349407915,0,0,0.01537917417160685,True,False,False,True,False,29.69911764705882,1,Young Adult,Low
0,3,0.36792055349407915,0,0,0.015411575213749286,False,True,False,False,True,29.69911764705882,1,Young Adult,Low
0,1,0.49736114601658704,0,0,0.05410739813385612,False,True,True,False,False,40.0,1,Adult,High
1,1,0.36792055349407915,1,0,0.2859895551532101,True,False,True,False,False,29.69911764705882,2,Young Adult,Very High
1,3,0.36792055349407915,0,0,0.015126992566498259,True,False,False,True,False,29.69911764705882,1,Young Adult,Low
0,2,0.8240764011058055,0,0,0.020494635090094415,False,True,False,False,True,66.0,1,Elderly,Medium
0,1,0.34656948982156316,1,0,0.16038672010106003,False,True,True,False,False,28.0,2,Young Adult,Very High
0,1,0.5224930887157577,1,0,0.10149724044618187,False,True,False,False,True,42.0,2,Adult,Very High
1,3,0.36792055349407915,0,0,0.014110458666029575,False,True,True,False,False,29.69911764705882,1,Young Adult,Low
0,3,0.2586076903744659,0,0,0.015712553569072387,False,True,False,False,True,21.0,1,Young Adult,Medium
0,3,0.22090977632571,2,0,0.03513366015444757,True,False,False,False,True,18.0,3,Child,High
1,3,0.17064589092736868,1,0,0.021942337075458514,True,False,True,False,False,14.0,2,Child,Medium
0,3,0.49736114601658704,1,0,0.018493968331299484,True,False,False,False,True,40.0,2,Adult,Medium
0,2,0.33400351847197784,1,0,0.04098927018018883,True,False,False,False,True,27.0,2,Young Adult,High
0,3,0.36792055349407915,0,0,0.015411575213749286,False,True,True,False,False,29.69911764705882,1,Young Adult,Low
1,2,0.032420206081930136,1,2,0.08115719346076702,True,False,True,False,False,3.0,4,Child,Very High
1,3,0.2334757476752953,0,0,0.01537917417160685,True,False,False,True,False,19.0,1,Young Adult,Low
0,3,0.36792055349407915,0,0,0.015712553569072387,False,True,False,False,True,29.69911764705882,1,Young Adult,Medium
0,3,0.36792055349407915,1,0,0.030253985132996517,False,True,False,True,False,29.69911764705882,2,Young Adult,High
1,3,0.36792055349407915,0,0,0.015126992566498259,True,False,False,True,False,29.69911764705882,1,Young Adult,Low
0,3,0.36792055349407915,2,0,0.04231498029001666,False,True,True,False,False,29.69911764705882,3,Young Adult,High
0,3,0.22090977632571,1,0,0.034743286152731485,True,False,False,False,True,18.0,2,Child,High
0,3,0.08268409148027142,4,1,0.07746484096553544,False,True,False,False,True,7.0,6,Child,Very High
0,3,0.2586076903744659,0,0,0.01522458606692728,False,True,False,False,True,21.0,1,Young Adult,Low
1,1,0.610454888162855,1,0,0.1497654242623688,True,False,True,False,False,49.0,2,Adult,Very High
1,2,0.35913546117114853,1,0,0.050748620223090936,True,False,False,False,True,29.0,2,Young Adult,High
0,1,0.8115104297562202,0,1,0.1209753416358076,False,True,True,False,False,65.0,2,Elderly,Very High
1,1,0.36792055349407915,0,0,0.06929138530460494,False,True,False,False,True,29.69911764705882,1,Young Adult,Very High
1,2,0.2586076903744659,0,0,0.020494635090094415,True,False,False,False,True,21.0,1,Young Adult,Medium
0,3,0.35285247549635584,0,0,0.014110458666029575,False,True,True,False,False,28.5,1,Young Adult,Low
1,2,0.05755214878110078,1,2,0.05416439273810667,True,False,False,False,True,5.0,4,Child,High
0,3,0.1329479768786127,5,2,0.09154270340242172,False,True,False,False,True,11.0,8,Child,Very High
0,3,0.2711736617240512,0,0,0.014110458666029575,False,True,True,False,False,22.0,1,Young Adult,Low
1,1,0.4722292033174164,0,0,0.15614960068643363,True,False,False,False,False,38.0,1,Adult,Very High
0,1,0.5601910027645137,1,0,0.16293234896625058,False,True,False,False,True,45.0,2,Adult,Very High
0,3,0.04498617743151546,3,2,0.05445717323939373,False,True,False,False,True,4.0,6,Child,High
0,1,0.36792055349407915,0,0,0.05410739813385612,False,True,True,False,False,29.69911764705882,1,Young Adult,High
1,3,0.36792055349407915,1,1,0.029757819776815374,False,True,True,False,False,29.69911764705882,3,Young Adult,High
1,2,0.35913546117114853,0,0,0.020494635090094415,True,False,False,False,True,29.0,1,Young Adult,Medium
0,3,0.2334757476752953,0,0,0.015923941091001644,False,True,False,False,True,19.0,1,Young Adult,Medium
1,3,0.20834380497612465,4,2,0.015468569817999833,True,False,False,False,True,17.0,7,Child,Medium
0,3,0.32143754712239253,2,0,0.016908073949327893,False,True,False,False,True,26.0,3,Young Adult,Medium
0,2,0.39683337521990447,0,0,0.020494635090094415,False,True,False,False,True,32.0,1,Adult,Medium
0,3,0.19577783362653933,5,2,0.09154270340242172,True,False,False,False,True,16.0,8,Child,Very High
0,2,0.2586076903744659,0,0,0.1434624456306609,False,True,False,False,True,21.0,1,Young Adult,Very High
0,3,0.32143754712239253,1,0,0.028212719478023115,False,True,True,False,False,26.0,2,Young Adult,Medium
1,3,0.39683337521990447,0,0,0.11027245763075773,False,True,False,False,True,32.0,1,Adult,Very High
0,3,0.3088715757728072,0,0,0.014931805565640218,False,True,False,False,True,25.0,1,Young Adult,Low
0,3,0.36792055349407915,0,0,0.015411575213749286,False,True,False,False,True,29.69911764705882,1,Young Adult,Low
0,3,0.36792055349407915,0,0,0.015712553569072387,False,True,False,False,True,29.69911764705882,1,Young Adult,Medium
1,2,0.005152048253329982,0,2,0.056604230248832196,False,True,False,False,True,0.83,3,Child,High
1,3,0.37170143252073384,0,0,0.024349578357040744,True,False,False,False,True,30.0,1,Young Adult,Medium
0,3,0.2711736617240512,0,0,0.017566830077223785,False,True,False,False,True,22.0,1,Young Adult,Medium
1,3,0.35913546117114853,0,0,0.018542765081513996,False,True,False,False,True,29.0,1,Young Adult,Medium
1,3,0.36792055349407915,0,0,0.015200187691820024,True,False,False,True,False,29.69911764705882,1,Young Adult,Low
0,1,0.34656948982156316,0,0,0.09193307740413781,False,True,False,False,True,28.0,1,Young Adult,Very High
1,2,0.20834380497612465,0,0,0.020494635090094415,True,False,False,False,True,17.0,1,Child,Medium
1,3,0.4093993465694898,3,0,0.030937139635999665,True,False,False,False,True,33.0,4,Adult,High
0,3,0.19577783362653933,1,3,0.06709553154495196,False,True,False,False,True,16.0,5,Child,Very High
0,3,0.36792055349407915,0,0,0.015712553569072387,False,True,False,False,True,29.69911764705882,1,Young Adult,Medium
1,1,0.2837396330736366,3,2,0.5133418122566507,True,False,False,False,True,23.0,6,Young Adult,Very High
0,3,0.2963056044232219,0,0,0.015712553569072387,False,True,False,False,True,24.0,1,Young Adult,Medium
0,3,0.35913546117114853,0,0,0.015712553569072387,False,True,False,False,True,29.0,1,Young Adult,Medium
0,3,0.24604171902488062,0,0,0.015330377421392339,False,True,False,False,True,20.0,1,Young Adult,Low
0,1,0.5727569741140991,1,0,0.11940564777490723,False,True,False,False,True,46.0,2,Adult,Very High
0,3,0.32143754712239253,1,2,0.04015972542654215,False,True,False,False,True,26.0,4,Young Adult,High
0,3,0.7361146016587082,0,0,0.014151057562208049,False,True,False,False,True,59.0,1,Elderly,Low
0,3,0.36792055349407915,0,0,0.015712553569072387,False,True,False,False,True,29.69911764705882,1,Young Adult,Medium
0,1,0.8869062578537321,0,0,0.06764049365134761,False,True,True,False,False,71.0,1,Elderly,Very High
1,1,0.2837396330736366,0,1,0.12366716556464086,False,True,True,False,False,23.0,2,Young Adult,Very High
1,2,0.4219653179190751,0,1,0.044893010197349675,True,False,False,False,True,34.0,2,Adult,High
0,2,0.4219653179190751,1,0,0.050748620223090936,False,True,False,False,True,34.0,2,Adult,High
0,3,0.34656948982156316,0,0,0.015411575213749286,True,False,False,False,True,28.0,1,Young Adult,Low
0,3,0.36792055349407915,0,0,0.015411575213749286,False,True,False,False,True,29.69911764705882,1,Young Adult,Low
0,1,0.2586076903744659,0,1,0.15085515328815924,False,True,False,False,True,21.0,2,Young Adult,Very High
0,3,0.4093993465694898,0,0,0.016891873428256675,False,True,False,False,True,33.0,1,Adult,Medium
0,3,0.4596632319678311,2,0,0.015468569817999833,False,True,False,False,True,37.0,3,Adult,Medium
0,3,0.34656948982156316,0,0,0.015411575213749286,False,True,False,False,True,28.0,1,Young Adult,Low
1,3,0.2586076903744659,0,0,0.014931805565640218,True,False,False,False,True,21.0,1,Young Adult,Low
1,3,0.36792055349407915,0,0,0.015175789316712771,False,True,False,False,True,29.69911764705882,1,Young Adult,Low
0,3,0.4722292033174164,0,0,0.015411575213749286,False,True,False,False,True,38.0,1,Adult,Low
1,3,0.36792055349407915,1,0,0.04713766070721715,True,False,False,True,False,29.69911764705882,2,Young Adult,High
0,1,0.5853229454636844,0,0,0.10149724044618187,False,True,False,False,True,47.0,1,Adult,Very High
0,3,0.17692887660216136,1,0,0.028212719478023115,True,False,True,False,False,14.5,2,Child,Medium
0,3,0.2711736617240512,0,0,0.015712553569072387,False,True,False,False,True,22.0,1,Young Adult,Medium
0,3,0.24604171902488062,1,0,0.019177122834302632,True,False,False,False,True,20.0,2,Young Adult,Medium
0,3,0.20834380497612465,0,0,0.028220722145058292,True,False,True,False,False,17.0,1,Child,High
0,3,0.2586076903744659,0,0,0.015468569817999833,False,True,False,False,True,21.0,1,Young Adult,Medium
0,3,0.8806232721789394,0,0,0.015126992566498259,False,True,False,True,False,70.5,1,Elderly,Low
0,2,0.35913546117114853,1,0,0.04098927018018883,False,True,False,False,True,29.0,2,Young Adult,High
0,1,0.2963056044232219,0,1,0.4831284260198326,False,True,True,False,False,24.0,2,Young Adult,Very High
0,3,0.01985423473234481,4,2,0.06104473451835265,True,False,False,False,True,2.0,7,Child,Very High
0,2,0.2586076903744659,2,0,0.1434624456306609,False,True,False,False,True,21.0,3,Young Adult,Very High
0,3,0.36792055349407915,0,0,0.015712553569072387,False,True,False,False,True,29.69911764705882,1,Young Adult,Medium
0,2,0.40311636089469716,1,0,0.058694292654020104,False,True,True,False,False,32.5,2,Adult,High
1,2,0.40311636089469716,0,0,0.025374310111545468,True,False,False,False,True,32.5,1,Adult,Medium
0,1,0.6732847449107816,0,1,0.15085515328815924,False,True,False,False,True,54.0,2,Elderly,Very High
1,3,0.14551394822819805,1,0,0.021942337075458514,False,True,True,False,False,12.0,2,Child,Medium
0,3,0.36792055349407915,0,0,0.015126992566498259,False,True,False,True,False,29.69911764705882,1,Young Adult,Low
1,3,0.2963056044232219,0,0,0.01393967004027879,False,True,False,False,True,24.0,1,Young Adult,Low
1,3,0.36792055349407915,1,1,0.04364049521284362,True,False,True,False,False,29.69911764705882,3,Young Adult,High
0,3,0.5601910027645137,0,0,0.013614293309848433,False,True,False,False,True,45.0,1,Adult,Low
0,3,0.4093993465694898,0,0,0.015411575213749286,False,True,True,False,False,33.0,1,Adult,Low
0,3,0.24604171902488062,0,0,0.013760683560491965,False,True,False,False,True,20.0,1,Young Adult,Low
0,3,0.5853229454636844,1,0,0.028302115124416098,True,False,False,False,True,47.0,2,Adult,High
1,2,0.35913546117114853,1,0,0.050748620223090936,True,False,False,False,True,29.0,2,Young Adult,High
0,2,0.3088715757728072,0,0,0.025374310111545468,False,True,False,False,True,25.0,1,Young Adult,Medium
0,2,0.2837396330736366,0,0,0.02936744577509929,False,True,True,False,False,23.0,1,Young Adult,High
1,1,0.2334757476752953,0,2,0.051301584996521765,True,False,False,False,True,19.0,3,Young Adult,High
0,1,0.4596632319678311,1,0,0.10364429745562033,False,True,False,False,True,37.0,2,Adult,Very High
0,3,0.19577783362653933,0,0,0.01798980030808316,False,True,False,False,True,16.0,1,Child,Medium
0,1,0.2963056044232219,0,0,0.15458810467956932,False,True,True,False,False,24.0,1,Young Adult,Very High
0,3,0.36792055349407915,0,2,0.029757819776815374,True,False,True,False,False,29.69911764705882,3,Young Adult,High
1,3,0.2711736617240512,0,0,0.015126992566498259,True,False,False,False,True,22.0,1,Young Adult,Low
1,3,0.2963056044232219,1,0,0.030937139635999665,True,False,False,False,True,24.0,2,Young Adult,High
0,3,0.2334757476752953,0,0,0.013175122557917838,False,True,False,True,False,19.0,1,Young Adult,Low
0,2,0.22090977632571,0,0,0.022446505098674838,False,True,False,False,True,18.0,1,Child,Medium
0,2,0.2334757476752953,1,1,0.07173122281533045,False,True,False,False,True,19.0,3,Young Adult,Very High
1,3,0.33400351847197784,0,0,0.015216388212891242,False,True,False,False,True,27.0,1,Young Adult,Low
0,3,0.10781603417944208,2,2,0.06709553154495196,True,False,False,False,True,9.0,5,Child,Very High
0,2,0.4533802462930384,0,2,0.050748620223090936,False,True,False,False,True,36.5,3,Adult,High
0,2,0.5224930887157577,0,0,0.025374310111545468,False,True,False,False,True,42.0,1,Adult,Medium
0,2,0.6355868308620256,0,0,0.02444717185746977,False,True,False,False,True,51.0,1,Elderly,Medium
1,1,0.2711736617240512,1,0,0.12999454257145598,True,False,False,False,True,22.0,2,Young Adult,Very High
0,3,0.6921337019351597,0,0,0.015712553569072387,False,True,False,False,True,55.5,1,Elderly,Medium
0,3,0.5036441316913798,0,2,0.028302115124416098,False,True,False,False,True,40.5,3,Adult,High
0,3,0.36792055349407915,0,0,0.014273049437744325,False,True,False,False,True,29.69911764705882,1,Young Adult,Low
0,1,0.6355868308620256,0,1,0.11980421963065935,False,True,True,False,False,51.0,2,Elderly,Very High
1,3,0.19577783362653933,0,0,0.015094396337354966,True,False,False,True,False,16.0,1,Child,Low
0,3,0.37170143252073384,0,0,0.015712553569072387,False,True,False,False,True,30.0,1,Young Adult,Medium
0,3,0.36792055349407915,0,0,0.016908073949327893,False,True,False,False,True,29.69911764705882,1,Young Adult,Medium
0,3,0.36792055349407915,8,2,0.13575255909676825,False,True,False,False,True,29.69911764705882,11,Young Adult,Very High
0,3,0.5476250314149284,0,1,0.031425107138144774,False,True,False,False,True,44.0,2,Adult,High
1,2,0.49736114601658704,0,0,0.030741952635141623,True,False,False,False,True,40.0,1,Adult,High
0,3,0.32143754712239253,0,0,0.015175789316712771,False,True,False,False,True,26.0,1,Young Adult,Low
0,3,0.20834380497612465,0,0,0.016908073949327893,False,True,False,False,True,17.0,1,Child,Medium
0,3,0.007288263382759488,4,1,0.07746484096553544,False,True,False,False,True,1.0,6,Child,Very High
1,3,0.10781603417944208,0,2,0.04006213192611313,False,True,False,False,True,9.0,3,Child,High
1,1,0.36792055349407915,0,1,0.10735285047192313,True,False,False,False,True,29.69911764705882,2,Young Adult,Very High
0,3,0.5601910027645137,1,4,0.05445717323939373,True,False,False,False,True,45.0,6,Adult,High
0,1,0.36792055349407915,0,0,0.050602229972447406,False,True,False,False,True,29.69911764705882,1,Young Adult,High
0,3,0.34656948982156316,0,0,0.11027245763075773,False,True,False,False,True,28.0,1,Young Adult,Very High
0,1,0.7612465443578789,0,0,0.06538764528744409,False,True,False,False,True,61.0,1,Elderly,Very High
0,3,0.04498617743151546,4,1,0.05684821399990475,False,True,False,True,False,4.0,6,Child,High
1,3,0.007288263382759488,1,1,0.021730754366528396,True,False,False,False,True,1.0,3,Child,Medium
0,3,0.2586076903744659,0,0,0.015468569817999833,False,True,False,False,True,21.0,1,Young Adult,Medium
0,1,0.6984166876099522,0,0,0.05991421140938287,False,True,True,False,False,56.0,1,Elderly,High
0,3,0.22090977632571,1,1,0.015330377421392339,False,True,False,False,True,18.0,3,Child,Low
0,3,0.36792055349407915,3,1,0.049707687947515,False,True,False,False,True,29.69911764705882,5,Young Adult,High
0,1,0.6230208595124404,0,0,0.05604306762136532,True,False,True,False,False,50.0,1,Adult,High
0,2,0.37170143252073384,0,0,0.025374310111545468,False,True,False,False,True,30.0,1,Young Adult,Medium
0,3,0.4470972606182458,0,0,0.0,False,True,False,False,True,36.0,1,Adult,Low
0,3,0.36792055349407915,8,2,0.13575255909676825,True,False,False,False,True,29.69911764705882,11,Young Adult,Very High
0,2,0.36792055349407915,0,0,0.02937564362913533,False,True,True,False,False,29.69911764705882,1,Young Adult,High
0,3,0.10781603417944208,4,2,0.06126431989431795,False,True,False,False,True,9.0,7,Child,Very High
1,2,0.007288263382759488,2,1,0.07612293033463641,False,True,False,False,True,1.0,4,Child,Very High
1,3,0.04498617743151546,0,2,0.04298993693898376,True,False,False,False,True,4.0,3,Child,High
0,1,0.36792055349407915,0,0,0.09759350042902103,False,True,False,False,True,29.69911764705882,1,Young Adult,Very High
1,3,0.36792055349407915,1,0,0.030253985132996517,True,False,False,True,False,29.69911764705882,2,Young Adult,High
1,1,0.5601910027645137,0,0,0.051822148727810165,False,True,False,False,True,45.0,1,Adult,High
0,3,0.49736114601658704,1,1,0.030253985132996517,False,True,False,True,False,40.0,3,Adult,High
0,3,0.4470972606182458,0,0,0.015411575213749286,False,True,False,False,True,36.0,1,Adult,Low
1,2,0.39683337521990447,0,0,0.025374310111545468,True,False,False,False,True,32.0,1,Adult,Medium
0,2,0.2334757476752953,0,0,0.025374310111545468,False,True,False,False,True,19.0,1,Young Adult,Medium
1,3,0.2334757476752953,1,0,0.015330377421392339,True,False,False,False,True,19.0,2,Young Adult,Low
1,2,0.032420206081930136,1,1,0.050748620223090936,False,True,False,False,True,3.0,3,Child,High
1,1,0.5476250314149284,0,0,0.05410739813385612,True,False,True,False,False,44.0,1,Adult,High
1,1,0.723548630309123,0,0,0.2859895551532101,True,False,True,False,False,58.0,1,Elderly,Very High
0,3,0.36792055349407915,0,0,0.015126992566498259,False,True,False,True,False,29.69911764705882,1,Young Adult,Low
0,3,0.5224930887157577,0,1,0.01640390592611157,False,True,False,False,True,42.0,2,Adult,Medium
1,3,0.36792055349407915,0,0,0.015126992566498259,True,False,False,True,False,29.69911764705882,1,Young Adult,Low
0,2,0.2963056044232219,0,0,0.025374310111545468,True,False,False,False,True,24.0,1,Young Adult,Medium
0,3,0.34656948982156316,0,0,0.018542765081513996,False,True,False,False,True,28.0,1,Young Adult,Medium
0,3,0.36792055349407915,8,2,0.13575255909676825,False,True,False,False,True,29.69911764705882,11,Young Adult,Very High
0,3,0.4219653179190751,0,0,0.012678957201736696,False,True,False,False,True,34.0,1,Adult,Low
0,3,0.5664739884393064,0,0,0.014102260811993537,False,True,True,False,False,45.5,1,Adult,Low
1,3,0.22090977632571,0,0,0.015712553569072387,False,True,False,False,True,18.0,1,Child,Medium
0,3,0.01985423473234481,0,1,0.02042143996477265,True,False,False,False,True,2.0,2,Child,Medium
0,3,0.39683337521990447,1,0,0.030937139635999665,False,True,False,False,True,32.0,2,Adult,High
1,3,0.32143754712239253,0,0,0.036670757786204655,False,True,True,False,False,26.0,1,Young Adult,High
1,3,0.19577783362653933,0,0,0.015126992566498259,True,False,False,True,False,16.0,1,Child,Low
1,1,0.49736114601658704,0,0,0.060507970265993034,False,True,True,False,False,40.0,1,Adult,High
0,3,0.2963056044232219,0,0,0.013760683560491965,False,True,False,False,True,24.0,1,Young Adult,Low
1,2,0.4345312892686604,0,0,0.04098927018018883,True,False,False,False,True,35.0,1,Adult,High
0,3,0.2711736617240512,0,0,0.014151057562208049,False,True,False,False,True,22.0,1,Young Adult,Low
0,2,0.37170143252073384,0,0,0.025374310111545468,False,True,False,False,True,30.0,1,Young Adult,Medium
0,3,0.36792055349407915,1,0,0.015126992566498259,False,True,False,True,False,29.69911764705882,2,Young Adult,Low
1,1,0.38426740387031916,1,0,0.22109807522194713,True,False,True,False,False,31.0,2,Adult,Very High
1,3,0.33400351847197784,0,0,0.015468569817999833,True,False,False,False,True,27.0,1,Young Adult,Medium
0,2,0.5224930887157577,1,0,0.05270049023167135,False,True,False,False,True,42.0,2,Adult,High
1,1,0.39683337521990447,0,0,0.14891148113361488,True,False,True,False,False,32.0,1,Adult,Very High
0,2,0.37170143252073384,0,0,0.020494635090094415,False,True,False,False,True,30.0,1,Young Adult,Medium
1,3,0.19577783362653933,0,0,0.015712553569072387,False,True,False,False,True,16.0,1,Child,Medium
0,2,0.33400351847197784,0,0,0.025374310111545468,False,True,False,False,True,27.0,1,Young Adult,Medium
0,3,0.6355868308620256,0,0,0.015712553569072387,False,True,False,False,True,51.0,1,Elderly,Medium
0,3,0.36792055349407915,0,0,0.015411575213749286,False,True,False,False,True,29.69911764705882,1,Young Adult,Low
1,1,0.4722292033174164,1,0,0.17566830077223786,False,True,False,False,True,38.0,2,Adult,Very High
0,3,0.2711736617240512,0,0,0.018249984580226933,False,True,False,False,True,22.0,1,Young Adult,Medium
1,2,0.2334757476752953,0,0,0.020494635090094415,False,True,False,False,True,19.0,1,Young Adult,Medium
0,3,0.2523247046996733,0,0,0.014151057562208049,False,True,False,False,True,20.5,1,Young Adult,Low
0,2,0.22090977632571,0,0,0.025374310111545468,False,True,False,False,True,18.0,1,Child,Medium
0,3,0.36792055349407915,3,1,0.049707687947515,True,False,False,False,True,29.69911764705882,5,Young Adult,High
1,1,0.4345312892686604,1,0,0.16293234896625058,True,False,False,False,True,35.0,2,Adult,Very High
0,3,0.35913546117114853,0,0,0.015175789316712771,False,True,False,False,True,29.0,1,Young Adult,Low
0,2,0.7361146016587082,0,0,0.026350245115835676,False,True,False,False,True,59.0,1,Elderly,Medium
1,3,0.05755214878110078,4,2,0.06126431989431795,True,False,False,False,True,5.0,7,Child,Very High
0,2,0.2963056044232219,0,0,0.020494635090094415,False,True,False,False,True,24.0,1,Young Adult,Medium
0,3,0.36792055349407915,0,0,0.014736618564782174,True,False,False,False,True,29.69911764705882,1,Young Adult,Low
0,2,0.5476250314149284,1,0,0.050748620223090936,False,True,False,False,True,44.0,2,Adult,High
1,2,0.09525006282985675,0,2,0.05123658772523604,True,False,False,False,True,8.0,3,Child,High
0,2,0.2334757476752953,0,0,0.020494635090094415,False,True,False,False,True,19.0,1,Young Adult,Medium
0,2,0.4093993465694898,0,0,0.023959204355324663,False,True,False,False,True,33.0,1,Adult,Medium
0,3,0.36792055349407915,1,0,0.028212719478023115,True,False,True,False,False,29.69911764705882,2,Young Adult,Medium
1,3,0.36792055349407915,1,0,0.030253985132996517,True,False,False,True,False,29.69911764705882,2,Young Adult,High
0,2,0.35913546117114853,0,0,0.020494635090094415,False,True,False,False,True,29.0,1,Young Adult,Medium
0,3,0.2711736617240512,0,0,0.013907073811135496,False,True,False,False,True,22.0,1,Young Adult,Low
0,3,0.37170143252073384,0,0,0.014102260811993537,False,True,True,False,False,30.0,1,Young Adult,Low
0,1,0.5476250314149284,2,0,0.17566830077223786,False,True,False,True,False,44.0,3,Adult,Very High
0,3,0.3088715757728072,0,0,0.015175789316712771,True,False,False,False,True,25.0,1,Young Adult,Low
1,2,0.2963056044232219,0,2,0.028302115124416098,True,False,False,False,True,24.0,3,Young Adult,High
1,1,0.4596632319678311,1,1,0.10257896680493714,False,True,False,False,True,37.0,3,Adult,Very High
0,2,0.6732847449107816,1,0,0.050748620223090936,False,True,False,False,True,54.0,2,Elderly,High
0,3,0.36792055349407915,0,0,0.014151057562208049,False,True,False,False,True,29.69911764705882,1,Young Adult,Low
0,3,0.35913546117114853,1,1,0.02042143996477265,True,False,False,False,True,29.0,3,Young Adult,Medium
0,1,0.7738125157074642,0,0,0.051822148727810165,False,True,False,False,True,62.0,1,Elderly,High
0,3,0.37170143252073384,1,0,0.031425107138144774,False,True,False,False,True,30.0,2,Young Adult,High
0,3,0.5099271173661725,0,2,0.039452172548431745,True,False,False,False,True,41.0,3,Adult,High
1,3,0.35913546117114853,0,2,0.029757819776815374,True,False,True,False,False,29.0,3,Young Adult,High
1,1,0.36792055349407915,0,0,0.15458810467956932,True,False,True,False,False,29.69911764705882,1,Young Adult,Very High
1,1,0.37170143252073384,0,0,0.16883675574220638,True,False,False,False,True,30.0,1,Young Adult,Very High
1,1,0.4345312892686604,0,0,1.0,True,False,True,False,False,35.0,1,Adult,Very High
1,2,0.6230208595124404,0,1,0.050748620223090936,True,False,False,False,True,50.0,2,Adult,High
0,3,0.36792055349407915,0,0,0.015126992566498259,False,True,False,True,False,29.69911764705882,1,Young Adult,Low
1,3,0.032420206081930136,4,2,0.06126431989431795,False,True,False,False,True,3.0,7,Child,Very High
0,1,0.648152802211611,1,1,0.1554664461834305,False,True,False,False,True,52.0,3,Elderly,Very High
0,1,0.49736114601658704,0,0,0.0,False,True,False,False,True,40.0,1,Adult,Low
0,3,0.36792055349407915,0,0,0.015126992566498259,True,False,False,True,False,29.69911764705882,1,Young Adult,Low
0,2,0.4470972606182458,0,0,0.020494635090094415,False,True,False,False,True,36.0,1,Adult,Medium
0,3,0.19577783362653933,4,1,0.07746484096553544,False,True,False,False,True,16.0,6,Child,Very High
1,3,0.3088715757728072,1,0,0.015175789316712771,False,True,False,False,True,25.0,2,Young Adult,Low
1,1,0.723548630309123,0,1,0.2995388511917728,True,False,False,False,True,58.0,2,Elderly,Very High
1,1,0.4345312892686604,0,0,0.2647385704347907,True,False,False,False,True,35.0,1,Adult,Very High
0,1,0.36792055349407915,0,0,0.060507970265993034,False,True,False,False,True,29.69911764705882,1,Young Adult,High
1,3,0.3088715757728072,0,0,0.0,False,True,False,False,True,25.0,1,Young Adult,Low
1,2,0.5099271173661725,0,1,0.038061465167318204,True,False,False,False,True,41.0,2,Adult,High
0,1,0.4596632319678311,0,1,0.057970539254838485,False,True,True,False,False,37.0,2,Adult,High
1,3,0.36792055349407915,0,0,0.015126992566498259,True,False,False,True,False,29.69911764705882,1,Young Adult,Low
1,1,0.7863784870570495,1,0,0.15216446768991498,True,False,False,False,True,63.0,2,Elderly,Very High
0,3,0.5601910027645137,0,0,0.015126992566498259,True,False,False,False,True,45.0,1,Adult,Low
0,2,0.36792055349407915,0,0,0.0,False,True,False,False,True,29.69911764705882,1,Young Adult,Low
0,3,0.08268409148027142,4,1,0.05684821399990475,False,True,False,True,False,7.0,6,Child,High
1,3,0.4345312892686604,1,1,0.03952536767375352,True,False,False,False,True,35.0,3,Adult,High
0,3,0.8115104297562202,0,0,0.015126992566498259,False,True,False,True,False,65.0,1,Elderly,Low
0,3,0.34656948982156316,0,0,0.015330377421392339,False,True,False,False,True,28.0,1,Young Adult,Low
0,3,0.19577783362653933,0,0,0.018542765081513996,False,True,False,False,True,16.0,1,Child,Medium
1,3,0.2334757476752953,0,0,0.015712553569072387,False,True,False,False,True,19.0,1,Young Adult,Medium
0,1,0.36792055349407915,0,0,0.050748620223090936,False,True,False,False,True,29.69911764705882,1,Young Adult,High
0,3,0.4093993465694898,0,0,0.016908073949327893,False,True,True,False,False,33.0,1,Adult,Medium
1,3,0.37170143252073384,0,0,0.018542765081513996,False,True,False,False,True,30.0,1,Young Adult,Medium
0,3,0.2711736617240512,0,0,0.015411575213749286,False,True,False,False,True,22.0,1,Young Adult,Low
1,2,0.5224930887157577,0,0,0.025374310111545468,False,True,False,False,True,42.0,1,Adult,Medium
1,3,0.2711736617240512,0,0,0.015126992566498259,True,False,False,True,False,22.0,1,Young Adult,Low
1,1,0.32143754712239253,0,0,0.15390495017656614,True,False,False,False,True,26.0,1,Young Adult,Very High
1,1,0.2334757476752953,1,0,0.17777475888549785,True,False,True,False,False,19.0,2,Young Adult,Very High
0,2,0.4470972606182458,0,0,0.025130326360472913,False,True,True,False,False,36.0,1,Adult,Medium
0,3,0.2963056044232219,0,0,0.01727404957593672,True,False,False,False,True,24.0,1,Young Adult,Medium
0,3,0.2963056044232219,0,0,0.015411575213749286,False,True,False,False,True,24.0,1,Young Adult,Low
0,1,0.36792055349407915,0,0,0.05410739813385612,False,True,True,False,False,29.69911764705882,1,Young Adult,High
0,3,0.2900226187484292,0,0,0.014110458666029575,False,True,True,False,False,23.5,1,Young Adult,Low
0,1,0.01985423473234481,1,2,0.29580589980036276,True,False,False,False,True,2.0,4,Child,Very High
1,1,0.36792055349407915,0,0,0.05953203526170282,False,True,False,False,True,29.69911764705882,1,Young Adult,High
1,1,0.6230208595124404,0,1,0.4831284260198326,True,False,True,False,False,50.0,2,Adult,Very High
1,3,0.36792055349407915,0,0,0.015126992566498259,True,False,False,True,False,29.69911764705882,1,Young Adult,Low
1,3,0.36792055349407915,2,0,0.04538097769949478,False,True,False,True,False,29.69911764705882,3,Young Adult,High
0,3,0.2334757476752953,0,0,0.0,False,True,False,False,True,19.0,1,Young Adult,Low
1,2,0.36792055349407915,0,0,0.024105594605968193,True,False,False,True,False,29.69911764705882,1,Young Adult,Medium
0,3,0.36792055349407915,0,0,0.015712553569072387,False,True,False,False,True,29.69911764705882,1,Young Adult,Medium
1,1,0.006282985674792663,1,2,0.29580589980036276,False,True,False,False,True,0.92,4,Child,Very High
1,1,0.36792055349407915,0,0,0.21642978772242535,True,False,True,False,False,29.69911764705882,1,Young Adult,Very High
1,1,0.20834380497612465,1,0,0.2125586439344078,True,False,True,False,False,17.0,2,Child,Very High
0,2,0.37170143252073384,1,0,0.04684488020593009,False,True,True,False,False,30.0,2,Young Adult,High
1,1,0.37170143252073384,0,0,0.11111839809247648,True,False,True,False,False,30.0,1,Young Adult,Very High
1,1,0.2963056044232219,0,0,0.16231419173453318,True,False,True,False,False,24.0,1,Young Adult,Very High
1,1,0.22090977632571,2,2,0.5121218935012878,True,False,True,False,False,18.0,5,Child,Very High
0,2,0.32143754712239253,1,1,0.050748620223090936,True,False,False,False,True,26.0,3,Young Adult,High
0,3,0.34656948982156316,0,0,0.015411575213749286,False,True,False,False,True,28.0,1,Young Adult,Low
0,2,0.5350590600653431,1,1,0.05123658772523604,False,True,False,False,True,43.0,3,Adult,High
1,3,0.32143754712239253,0,0,0.015330377421392339,True,False,False,False,True,26.0,1,Young Adult,Low
1,2,0.2963056044232219,1,0,0.050748620223090936,True,False,False,False,True,24.0,2,Young Adult,High
0,2,0.6732847449107816,0,0,0.027326180120125887,False,True,False,False,True,54.0,1,Elderly,Medium
1,1,0.38426740387031916,0,2,0.32179836714362564,True,False,False,False,True,31.0,3,Adult,Very High
1,1,0.49736114601658704,1,1,0.2625265161540666,True,False,True,False,False,40.0,3,Adult,Very High
0,3,0.2711736617240512,0,0,0.014151057562208049,False,True,False,False,True,22.0,1,Young Adult,Low
0,3,0.33400351847197784,0,0,0.015411575213749286,False,True,False,False,True,27.0,1,Young Adult,Low
1,2,0.37170143252073384,0,0,0.024105594605968193,True,False,False,True,False,30.0,1,Young Adult,Medium
1,2,0.2711736617240512,1,1,0.056604230248832196,True,False,False,False,True,22.0,3,Young Adult,High
0,3,0.36792055349407915,8,2,0.13575255909676825,False,True,False,False,True,29.69911764705882,11,Young Adult,Very High
1,1,0.4470972606182458,0,0,0.2647385704347907,True,False,True,False,False,36.0,1,Adult,Very High
0,3,0.7612465443578789,0,0,0.012174789178520372,False,True,False,False,True,61.0,1,Elderly,Low
1,2,0.4470972606182458,0,0,0.025374310111545468,True,False,False,False,True,36.0,1,Adult,Medium
1,3,0.38426740387031916,1,1,0.04006213192611313,True,False,False,False,True,31.0,3,Adult,High
1,1,0.19577783362653933,0,1,0.11316786160148591,True,False,True,False,False,16.0,2,Child,Very High
1,3,0.36792055349407915,2,0,0.04538097769949478,True,False,False,True,False,29.69911764705882,3,Young Adult,High
0,1,0.5664739884393064,0,0,0.055628295244541985,False,True,False,False,True,45.5,1,Adult,High
0,1,0.4722292033174164,0,1,0.2995388511917728,False,True,False,False,True,38.0,2,Adult,Very High
0,3,0.19577783362653933,2,0,0.03513366015444757,False,True,False,False,True,16.0,3,Child,High
1,1,0.36792055349407915,1,0,0.2608674266467732,True,False,False,False,True,29.69911764705882,2,Young Adult,Very High
0,3,0.36792055349407915,0,0,0.015411575213749286,False,True,False,False,True,29.69911764705882,1,Young Adult,Low
0,1,0.35913546117114853,1,0,0.12999454257145598,False,True,False,False,True,29.0,2,Young Adult,Very High
1,1,0.5099271173661725,0,0,0.2625265161540666,True,False,True,False,False,41.0,1,Adult,Very High
1,3,0.5601910027645137,0,0,0.015712553569072387,False,True,False,False,True,45.0,1,Adult,Medium
0,1,0.5601910027645137,0,0,0.06929138530460494,False,True,False,False,True,45.0,1,Adult,Very High
1,2,0.01985423473234481,1,1,0.050748620223090936,False,True,False,False,True,2.0,3,Child,High
1,1,0.2963056044232219,3,2,0.5133418122566507,True,False,False,False,True,24.0,6,Young Adult,Very High
0,2,0.34656948982156316,0,0,0.025374310111545468,False,True,False,False,True,28.0,1,Young Adult,Medium
0,2,0.3088715757728072,0,0,0.025374310111545468,False,True,False,False,True,25.0,1,Young Adult,Medium
0,2,0.4470972606182458,0,0,0.025374310111545468,False,True,False,False,True,36.0,1,Adult,Medium
1,2,0.2963056044232219,0,0,0.025374310111545468,True,False,False,False,True,24.0,1,Young Adult,Medium
1,2,0.49736114601658704,0,0,0.025374310111545468,True,False,False,False,True,40.0,1,Adult,Medium
1,3,0.36792055349407915,1,0,0.031425107138144774,True,False,False,False,True,29.69911764705882,2,Young Adult,High
1,3,0.032420206081930136,1,1,0.031034733136428686,False,True,False,False,True,3.0,3,Child,High
0,3,0.5224930887157577,0,0,0.016908073949327893,False,True,False,False,True,42.0,1,Adult,Medium
0,3,0.2837396330736366,0,0,0.01800600082915438,False,True,False,False,True,23.0,1,Young Adult,Medium
0,1,0.36792055349407915,0,0,0.06831545030031472,False,True,False,False,True,29.69911764705882,1,Young Adult,Very High
0,3,0.18321186227695402,1,1,0.014110458666029575,False,True,True,False,False,15.0,3,Child,Low
0,3,0.3088715757728072,1,0,0.034743286152731485,False,True,False,False,True,25.0,2,Young Adult,High
0,3,0.36792055349407915,0,0,0.014102260811993537,False,True,True,False,False,29.69911764705882,1,Young Adult,Low
0,3,0.34656948982156316,0,0,0.018542765081513996,False,True,False,False,True,28.0,1,Young Adult,Medium
1,1,0.2711736617240512,0,1,0.10735285047192313,True,False,False,False,True,22.0,2,Young Adult,Very High
0,2,0.4722292033174164,0,0,0.025374310111545468,True,False,False,False,True,38.0,1,Adult,Medium
1,3,0.36792055349407915,0,0,0.01537917417160685,True,False,False,True,False,29.69911764705882,1,Young Adult,Low
1,3,0.36792055349407915,0,0,0.01537917417160685,True,False,False,True,False,29.69911764705882,1,Young Adult,Low
0,3,0.49736114601658704,1,4,0.05445717323939373,False,True,False,False,True,40.0,6,Adult,High
0,2,0.35913546117114853,1,0,0.05410739813385612,False,True,True,False,False,29.0,2,Young Adult,High
0,3,0.5601910027645137,0,1,0.028212719478023115,True,False,True,False,False,45.0,2,Adult,Medium
0,3,0.4345312892686604,0,0,0.013760683560491965,False,True,False,False,True,35.0,1,Adult,Low
0,3,0.36792055349407915,1,0,0.030253985132996517,False,True,False,True,False,29.69911764705882,2,Young Adult,High
0,3,0.37170143252073384,0,0,0.014151057562208049,False,True,False,False,True,30.0,1,Young Adult,Low
1,1,0.7486805730082936,1,0,0.14687821814567664,True,False,True,False,False,60.0,2,Elderly,Very High
1,3,0.36792055349407915,0,0,0.014110458666029575,True,False,True,False,False,29.69911764705882,1,Young Adult,Low
1,3,0.36792055349407915,0,0,0.015126992566498259,True,False,False,True,False,29.69911764705882,1,Young Adult,Low
1,1,0.2963056044232219,0,0,0.13526459159462315,True,False,True,False,False,24.0,1,Young Adult,Very High
1,1,0.3088715757728072,1,0,0.1082149914547131,False,True,True,False,False,25.0,2,Young Adult,Very High
0,3,0.22090977632571,1,0,0.012678957201736696,False,True,False,False,True,18.0,2,Child,Low
0,3,0.2334757476752953,0,0,0.015712553569072387,False,True,False,False,True,19.0,1,Young Adult,Medium
0,1,0.2711736617240512,0,0,0.2647385704347907,False,True,True,False,False,22.0,1,Young Adult,Very High
0,3,0.032420206081930136,3,1,0.04113566043083236,True,False,False,False,True,3.0,5,Child,High
1,1,0.36792055349407915,1,0,0.16038672010106003,True,False,True,False,False,29.69911764705882,2,Young Adult,Very High
1,3,0.2711736617240512,0,0,0.014151057562208049,True,False,False,False,True,22.0,1,Young Adult,Low
0,1,0.33400351847197784,0,2,0.41282050681475896,False,True,True,False,False,27.0,3,Young Adult,Very High
0,3,0.24604171902488062,0,0,0.007831878409428937,False,True,True,False,False,20.0,1,Young Adult,Low
0,3,0.2334757476752953,0,0,0.015175789316712771,False,True,False,False,True,19.0,1,Young Adult,Low
1,1,0.5224930887157577,0,0,0.4440992237022602,True,False,True,False,False,42.0,1,Adult,Very High
1,3,0.007288263382759488,0,2,0.030725752114070404,True,False,True,False,False,1.0,3,Child,High
0,3,0.39683337521990447,0,0,0.015468569817999833,False,True,False,False,True,32.0,1,Adult,Medium
1,1,0.4345312892686604,1,0,0.10149724044618187,True,False,False,False,True,35.0,2,Adult,Very High
0,3,0.36792055349407915,0,0,0.015411575213749286,False,True,False,False,True,29.69911764705882,1,Young Adult,Low
0,2,0.22090977632571,0,0,0.1434624456306609,False,True,False,False,True,18.0,1,Child,Very High
0,3,0.007288263382759488,5,2,0.09154270340242172,False,True,False,False,True,1.0,8,Child,Very High
1,2,0.4470972606182458,0,0,0.025374310111545468,True,False,False,False,True,36.0,1,Adult,Medium
0,3,0.36792055349407915,0,0,0.015086393670319786,False,True,False,True,False,29.69911764705882,1,Young Adult,Low
1,2,0.20834380497612465,0,0,0.023422440102965045,True,False,True,False,False,17.0,1,Child,Medium
1,1,0.4470972606182458,1,2,0.23422440102965048,False,True,False,False,True,36.0,4,Adult,Very High
1,3,0.2586076903744659,0,0,0.015216388212891242,False,True,False,False,True,21.0,1,Young Adult,Low
0,3,0.34656948982156316,2,0,0.015468569817999833,False,True,False,False,True,28.0,3,Young Adult,Medium
1,1,0.2837396330736366,1,0,0.22109807522194713,True,False,True,False,False,23.0,2,Young Adult,Very High
1,3,0.2963056044232219,0,2,0.03259622914329302,True,False,False,False,True,24.0,3,Young Adult,High
0,3,0.2711736617240512,0,0,0.015216388212891242,False,True,False,False,True,22.0,1,Young Adult,Low
0,3,0.38426740387031916,0,0,0.015330377421392339,True,False,False,False,True,31.0,1,Adult,Low
0,2,0.5727569741140991,0,0,0.050748620223090936,False,True,False,False,True,46.0,1,Adult,High
0,2,0.2837396330736366,0,0,0.020494635090094415,False,True,False,False,True,23.0,1,Young Adult,Medium
1,2,0.34656948982156316,0,0,0.02469115560854232,True,False,False,False,True,28.0,1,Young Adult,Medium
1,3,0.4847951746670017,0,0,0.015468569817999833,False,True,False,False,True,39.0,1,Adult,Medium
0,3,0.32143754712239253,0,0,0.015712553569072387,False,True,False,False,True,26.0,1,Young Adult,Medium
0,3,0.2586076903744659,1,0,0.019177122834302632,True,False,False,False,True,21.0,2,Young Adult,Medium
0,3,0.34656948982156316,1,0,0.030937139635999665,False,True,False,False,True,28.0,2,Young Adult,High
0,3,0.24604171902488062,0,0,0.016908073949327893,True,False,False,False,True,20.0,1,Young Adult,Medium
0,2,0.4219653179190751,1,0,0.04098927018018883,False,True,False,False,True,34.0,2,Adult,High
0,3,0.6355868308620256,0,0,0.015126992566498259,False,True,False,False,True,51.0,1,Elderly,Low
1,2,0.032420206081930136,1,1,0.03659756266088288,False,True,False,False,True,3.0,3,Child,High
0,3,0.2586076903744659,0,0,0.015175789316712771,False,True,False,False,True,21.0,1,Young Adult,Low
0,3,0.36792055349407915,3,1,0.049707687947515,True,False,False,False,True,29.69911764705882,5,Young Adult,High
0,3,0.36792055349407915,0,0,0.015411575213749286,False,True,False,False,True,29.69911764705882,1,Young Adult,Low
0,3,0.36792055349407915,0,0,0.013386510079847098,False,True,False,True,False,29.69911764705882,1,Young Adult,Low
1,1,0.4093993465694898,1,0,0.17566830077223786,True,False,False,True,False,33.0,2,Adult,Very High
0,2,0.36792055349407915,0,0,0.0,False,True,False,False,True,29.69911764705882,1,Young Adult,Low
1,3,0.5476250314149284,0,0,0.015468569817999833,False,True,False,False,True,44.0,1,Adult,Medium
0,3,0.36792055349407915,0,0,0.015712553569072387,True,False,False,False,True,29.69911764705882,1,Young Adult,Medium
1,2,0.4219653179190751,1,1,0.06343577527886367,True,False,False,False,True,34.0,3,Adult,Very High
1,2,0.22090977632571,0,2,0.025374310111545468,True,False,False,False,True,18.0,3,Child,Medium
0,2,0.37170143252073384,0,0,0.025374310111545468,False,True,False,False,True,30.0,1,Young Adult,Medium
0,3,0.12038200552902739,0,2,0.04713766070721715,True,False,False,False,True,10.0,3,Child,High
0,3,0.36792055349407915,0,0,0.015411575213749286,False,True,True,False,False,29.69911764705882,1,Young Adult,Low
0,3,0.2586076903744659,0,0,0.015094396337354966,False,True,False,True,False,21.0,1,Young Adult,Low
0,3,0.35913546117114853,0,0,0.015370976317570811,False,True,False,False,True,29.0,1,Young Adult,Low
0,3,0.34656948982156316,1,1,0.028106928123558056,True,False,False,False,True,28.0,3,Young Adult,Medium
0,3,0.22090977632571,1,1,0.039452172548431745,False,True,False,False,True,18.0,3,Child,High
0,3,0.36792055349407915,0,0,0.014151057562208049,False,True,False,False,True,29.69911764705882,1,Young Adult,Low
1,2,0.34656948982156316,1,0,0.050748620223090936,True,False,False,False,True,28.0,2,Young Adult,High
1,2,0.2334757476752953,0,0,0.050748620223090936,True,False,False,False,True,19.0,1,Young Adult,High
0,3,0.36792055349407915,0,0,0.015126992566498259,False,True,False,True,False,29.69911764705882,1,Young Adult,Low
1,3,0.39683337521990447,0,0,0.015712553569072387,False,True,False,False,True,32.0,1,Adult,Medium
1,1,0.34656948982156316,0,0,0.051822148727810165,False,True,False,False,True,28.0,1,Young Adult,High
1,3,0.36792055349407915,1,0,0.031425107138144774,True,False,False,False,True,29.69911764705882,2,Young Adult,High
1,2,0.5224930887157577,1,0,0.050748620223090936,True,False,False,False,True,42.0,2,Adult,High
0,3,0.20834380497612465,0,0,0.013907073811135496,False,True,False,False,True,17.0,1,Child,Low
0,1,0.6230208595124404,1,0,0.1091095334796455,False,True,False,False,True,50.0,2,Adult,Very High
1,1,0.17064589092736868,1,2,0.23422440102965048,True,False,False,False,True,14.0,4,Child,Very High
0,3,0.2586076903744659,2,2,0.06709553154495196,True,False,False,False,True,21.0,5,Young Adult,Very High
1,2,0.2963056044232219,2,3,0.03659756266088288,True,False,False,False,True,24.0,6,Young Adult,High
0,1,0.7989444584066349,1,4,0.5133418122566507,False,True,False,False,True,64.0,6,Elderly,Very High
0,2,0.38426740387031916,0,0,0.020494635090094415,False,True,False,False,True,31.0,1,Adult,Medium
1,2,0.5601910027645137,1,1,0.05123658772523604,True,False,False,False,True,45.0,3,Adult,High
0,3,0.24604171902488062,0,0,0.018542765081513996,False,True,False,False,True,20.0,1,Young Adult,Medium
0,3,0.3088715757728072,1,0,0.015175789316712771,False,True,False,False,True,25.0,2,Young Adult,Low
1,2,0.34656948982156316,0,0,0.025374310111545468,True,False,False,False,True,28.0,1,Young Adult,Medium
1,3,0.36792055349407915,0,0,0.015834545444608664,False,True,False,False,True,29.69911764705882,1,Young Adult,Medium
1,1,0.04498617743151546,0,2,0.15977676072337862,False,True,False,False,True,4.0,3,Child,Very High
1,2,0.15807991957778336,0,1,0.038061465167318204,True,False,False,False,True,13.0,2,Child,High
1,1,0.4219653179190751,0,0,0.051822148727810165,False,True,False,False,True,34.0,1,Adult,High
1,3,0.05755214878110078,2,1,0.03758969818624431,True,False,True,False,False,5.0,4,Child,High
1,1,0.648152802211611,0,0,0.05953203526170282,False,True,False,False,True,52.0,1,Elderly,High
0,2,0.4470972606182458,1,2,0.05416439273810667,False,True,False,False,True,36.0,4,Adult,High
0,3,0.36792055349407915,1,0,0.03897240290032268,False,True,False,False,True,29.69911764705882,2,Young Adult,High
0,1,0.37170143252073384,0,0,0.05416439273810667,False,True,True,False,False,30.0,1,Young Adult,High
1,1,0.610454888162855,1,0,0.17391981561855152,False,True,True,False,False,49.0,2,Adult,Very High
0,3,0.36792055349407915,0,0,0.015712553569072387,False,True,False,False,True,29.69911764705882,1,Young Adult,Medium
1,3,0.35913546117114853,0,0,0.015411575213749286,False,True,True,False,False,29.0,1,Young Adult,Low
0,1,0.8115104297562202,0,0,0.051822148727810165,False,True,False,False,True,65.0,1,Elderly,High
1,1,0.36792055349407915,1,0,0.10122885832000206,True,False,False,False,True,29.69911764705882,2,Young Adult,Very High
1,2,0.6230208595124404,0,0,0.020494635090094415,True,False,False,False,True,50.0,1,Adult,Medium
0,3,0.36792055349407915,0,0,0.015126992566498259,False,True,False,True,False,29.69911764705882,1,Young Adult,Low
1,1,0.5978889168132697,0,0,0.051822148727810165,False,True,False,False,True,48.0,1,Adult,High
0,3,0.4219653179190751,0,0,0.015712553569072387,False,True,False,False,True,34.0,1,Adult,Medium
0,1,0.5853229454636844,0,0,0.07514699533034619,False,True,False,False,True,47.0,1,Adult,Very High
0,2,0.5978889168132697,0,0,0.025374310111545468,False,True,False,False,True,48.0,1,Adult,Medium
0,3,0.36792055349407915,0,0,0.015712553569072387,False,True,False,False,True,29.69911764705882,1,Young Adult,Medium
0,3,0.4722292033174164,0,0,0.013760683560491965,False,True,False,False,True,38.0,1,Adult,Low
0,2,0.36792055349407915,0,0,0.0,False,True,False,False,True,29.69911764705882,1,Young Adult,Low
0,1,0.6984166876099522,0,0,0.051822148727810165,False,True,False,False,True,56.0,1,Elderly,High
0,3,0.36792055349407915,0,0,0.015078195816283748,False,True,False,True,False,29.69911764705882,1,Young Adult,Low
1,3,0.0041467705453631576,2,1,0.03758969818624431,True,False,True,False,False,0.75,4,Child,High
0,3,0.36792055349407915,0,0,0.014151057562208049,False,True,False,False,True,29.69911764705882,1,Young Adult,Low
0,3,0.4722292033174164,0,0,0.016908073949327893,False,True,False,False,True,38.0,1,Adult,Medium
1,2,0.4093993465694898,1,2,0.05416439273810667,True,False,False,False,True,33.0,4,Adult,High
1,2,0.2837396330736366,0,0,0.026919605597338588,True,False,True,False,False,23.0,1,Young Adult,Medium
0,3,0.2711736617240512,0,0,0.019201521209409888,True,False,False,False,True,22.0,1,Young Adult,Medium
0,1,0.36792055349407915,0,0,0.10149724044618187,False,True,False,False,True,29.69911764705882,1,Young Adult,Very High
0,2,0.4219653179190751,1,0,0.04098927018018883,False,True,False,False,True,34.0,2,Adult,High
0,3,0.35913546117114853,1,0,0.013752485706455927,False,True,False,False,True,29.0,2,Young Adult,Low
0,3,0.2711736617240512,0,0,0.014679623960531627,False,True,False,False,True,22.0,1,Young Adult,Low
1,3,0.01985423473234481,0,1,0.023983602730431916,True,False,False,False,True,2.0,2,Child,Medium
0,3,0.10781603417944208,5,2,0.09154270340242172,False,True,False,False,True,9.0,8,Child,Very High
0,2,0.36792055349407915,0,0,0.0,False,True,False,False,True,29.69911764705882,1,Young Adult,Low
0,3,0.6230208595124404,0,0,0.015712553569072387,False,True,False,False,True,50.0,1,Adult,Medium
1,3,0.7863784870570495,0,0,0.018713553707264782,True,False,False,False,True,63.0,1,Elderly,Medium
1,1,0.3088715757728072,1,0,0.17777475888549785,False,True,True,False,False,25.0,2,Young Adult,Very High
0,3,0.36792055349407915,3,1,0.049707687947515,True,False,False,False,True,29.69911764705882,5,Young Adult,High
1,1,0.4345312892686604,1,0,0.17566830077223786,True,False,False,False,True,35.0,2,Adult,Very High
0,1,0.723548630309123,0,0,0.057970539254838485,False,True,True,False,False,58.0,1,Elderly,High
0,3,0.37170143252073384,0,0,0.015712553569072387,False,True,False,False,True,30.0,1,Young Adult,Medium
1,3,0.10781603417944208,1,1,0.031034733136428686,False,True,False,False,True,9.0,3,Child,High
0,3,0.36792055349407915,1,0,0.03897240290032268,False,True,False,False,True,29.69911764705882,2,Young Adult,High
0,3,0.2586076903744659,0,0,0.014151057562208049,False,True,False,False,True,21.0,1,Young Adult,Low
0,1,0.685850716260367,0,0,0.05953203526170282,False,True,False,False,True,55.0,1,Elderly,High
0,1,0.8869062578537321,0,0,0.09662576327876685,False,True,True,False,False,71.0,1,Elderly,Very High
0,3,0.2586076903744659,0,0,0.015712553569072387,False,True,False,False,True,21.0,1,Young Adult,Medium
0,3,0.36792055349407915,0,0,0.028220722145058292,False,True,True,False,False,29.69911764705882,1,Young Adult,High
1,1,0.6732847449107816,1,0,0.1527664244005612,True,False,True,False,False,54.0,2,Elderly,Very High
0,3,0.36792055349407915,0,0,0.029473237129564348,False,True,False,False,True,29.69911764705882,1,Young Adult,High
0,1,0.3088715757728072,1,2,0.29580589980036276,True,False,False,False,True,25.0,4,Young Adult,Very High
0,3,0.2963056044232219,0,0,0.015216388212891242,False,True,False,False,True,24.0,1,Young Adult,Low
0,3,0.20834380497612465,0,0,0.016908073949327893,False,True,False,False,True,17.0,1,Child,Medium
0,3,0.2586076903744659,0,0,0.015126992566498259,True,False,False,True,False,21.0,1,Young Adult,Low
0,3,0.36792055349407915,0,0,0.014891206669461744,True,False,False,True,False,29.69911764705882,1,Young Adult,Low
0,3,0.4596632319678311,0,0,0.018713553707264782,True,False,False,False,True,37.0,1,Adult,Medium
1,1,0.19577783362653933,0,0,0.16883675574220638,True,False,False,False,True,16.0,1,Child,Very High
0,1,0.22090977632571,1,0,0.2125586439344078,False,True,True,False,False,18.0,2,Child,Very High
1,2,0.4093993465694898,0,2,0.050748620223090936,True,False,False,False,True,33.0,3,Adult,High
1,1,0.36792055349407915,0,0,0.051822148727810165,False,True,False,False,True,29.69911764705882,1,Young Adult,High
0,3,0.34656948982156316,0,0,0.04396587194327397,False,True,False,False,True,28.0,1,Young Adult,High
1,3,0.32143754712239253,0,0,0.11027245763075773,False,True,False,False,True,26.0,1,Young Adult,Very High
1,3,0.35913546117114853,0,0,0.015126992566498259,False,True,False,True,False,29.0,1,Young Adult,Low
0,3,0.36792055349407915,0,0,0.015712553569072387,False,True,False,False,True,29.69911764705882,1,Young Adult,Medium
1,1,0.4470972606182458,0,0,0.05130978285055781,False,True,False,False,True,36.0,1,Adult,High
1,1,0.6732847449107816,1,0,0.11594107850967697,True,False,True,False,False,54.0,2,Elderly,Very High
0,3,0.2963056044232219,0,0,0.014630827210317117,False,True,False,False,True,24.0,1,Young Adult,Low
0,1,0.5853229454636844,0,0,0.06640417918791278,False,True,False,False,True,47.0,1,Adult,Very High
1,2,0.4219653179190751,0,0,0.020494635090094415,True,False,False,False,True,34.0,1,Adult,Medium
0,3,0.36792055349407915,0,0,0.04713766070721715,False,True,False,True,False,29.69911764705882,1,Young Adult,High
1,2,0.4470972606182458,1,0,0.050748620223090936,True,False,False,False,True,36.0,2,Adult,High
0,3,0.39683337521990447,0,0,0.015411575213749286,False,True,False,False,True,32.0,1,Adult,Low
1,1,0.37170143252073384,0,0,0.18249984580226933,True,False,False,False,True,30.0,1,Young Adult,Very High
0,3,0.2711736617240512,0,0,0.015411575213749286,False,True,False,False,True,22.0,1,Young Adult,Low
0,3,0.36792055349407915,0,0,0.014102260811993537,False,True,True,False,False,29.69911764705882,1,Young Adult,Low
1,1,0.5476250314149284,0,1,0.11316786160148591,True,False,True,False,False,44.0,2,Adult,Very High
0,3,0.36792055349407915,0,0,0.014110458666029575,False,True,True,False,False,29.69911764705882,1,Young Adult,Low
0,3,0.5036441316913798,0,0,0.015126992566498259,False,True,False,True,False,40.5,1,Adult,Low
1,2,0.6230208595124404,0,0,0.020494635090094415,True,False,False,False,True,50.0,1,Adult,Medium
0,1,0.36792055349407915,0,0,0.4328841690069588,False,True,False,False,True,29.69911764705882,1,Young Adult,Very High
0,3,0.4847951746670017,0,0,0.015468569817999833,False,True,False,False,True,39.0,1,Adult,Medium
0,2,0.2837396330736366,2,1,0.022446505098674838,False,True,False,False,True,23.0,4,Young Adult,Medium
1,2,0.01985423473234481,1,1,0.050748620223090936,True,False,False,False,True,2.0,3,Child,High
0,3,0.36792055349407915,0,0,0.014110458666029575,False,True,True,False,False,29.69911764705882,1,Young Adult,Low
0,3,0.20834380497612465,1,1,0.014110458666029575,False,True,True,False,False,17.0,3,Child,Low
1,3,0.36792055349407915,0,2,0.04364049521284362,True,False,True,False,False,29.69911764705882,3,Young Adult,High
0,3,0.37170143252073384,0,0,0.016908073949327893,True,False,False,False,True,30.0,1,Young Adult,Medium
1,2,0.08268409148027142,0,2,0.05123658772523604,True,False,False,False,True,7.0,3,Child,High
0,1,0.5601910027645137,0,0,0.051822148727810165,False,True,False,False,True,45.0,1,Adult,High
1,1,0.37170143252073384,0,0,0.20772776566317125,True,False,True,False,False,30.0,1,Young Adult,Very High
0,3,0.36792055349407915,0,0,0.028302115124416098,False,True,False,False,True,29.69911764705882,1,Young Adult,High
1,1,0.2711736617240512,0,2,0.09661756542473082,True,False,True,False,False,22.0,3,Young Adult,Very High
1,1,0.4470972606182458,0,2,0.13858277060920987,True,False,False,False,True,36.0,3,Adult,Very High
0,3,0.10781603417944208,4,2,0.06104473451835265,True,False,False,False,True,9.0,7,Child,Very High
0,3,0.1329479768786127,4,2,0.06104473451835265,True,False,False,False,True,11.0,7,Child,Very High
1,2,0.39683337521990447,1,0,0.050748620223090936,False,True,False,False,True,32.0,2,Adult,High
0,1,0.6230208595124404,1,0,0.20772776566317125,False,True,True,False,False,50.0,2,Adult,Very High
0,1,0.7989444584066349,0,0,0.050748620223090936,False,True,False,False,True,64.0,1,Elderly,High
1,2,0.2334757476752953,1,0,0.050748620223090936,True,False,False,False,True,19.0,2,Young Adult,High
1,2,0.36792055349407915,0,0,0.02705779799394608,False,True,True,False,False,29.69911764705882,1,Young Adult,Medium
0,3,0.4093993465694898,1,1,0.04006213192611313,False,True,False,False,True,33.0,3,Adult,High
1,2,0.09525006282985675,1,1,0.07173122281533045,False,True,False,False,True,8.0,3,Child,Very High
1,1,0.20834380497612465,0,2,0.21642978772242535,False,True,True,False,False,17.0,3,Child,Very High
0,2,0.33400351847197784,0,0,0.050748620223090936,False,True,False,False,True,27.0,1,Young Adult,High
0,3,0.36792055349407915,0,0,0.015281580671177828,False,True,False,True,False,29.69911764705882,1,Young Adult,Low
1,3,0.2711736617240512,0,0,0.014102260811993537,False,True,True,False,False,22.0,1,Young Adult,Low
1,3,0.2711736617240512,0,0,0.015175789316712771,True,False,False,False,True,22.0,1,Young Adult,Low
0,1,0.7738125157074642,0,0,0.051822148727810165,False,True,False,False,True,62.0,1,Elderly,High
1,1,0.5978889168132697,1,0,0.07729405233978466,True,False,True,False,False,48.0,2,Adult,Very High
0,1,0.36792055349407915,0,0,0.4440992237022602,False,True,True,False,False,29.69911764705882,1,Young Adult,Very High
1,1,0.4847951746670017,1,1,0.1554664461834305,True,False,False,False,True,39.0,3,Adult,Very High
1,3,0.4470972606182458,1,0,0.033962538149299316,True,False,False,False,True,36.0,2,Adult,High
0,3,0.36792055349407915,0,0,0.015126992566498259,False,True,False,True,False,29.69911764705882,1,Young Adult,Low
0,3,0.49736114601658704,0,0,0.015411575213749286,False,True,False,False,True,40.0,1,Adult,Low
0,2,0.34656948982156316,0,0,0.026350245115835676,False,True,False,False,True,28.0,1,Young Adult,Medium
0,3,0.36792055349407915,0,0,0.015712553569072387,False,True,False,False,True,29.69911764705882,1,Young Adult,Medium
0,3,0.36792055349407915,0,0,0.015712553569072387,True,False,False,False,True,29.69911764705882,1,Young Adult,Medium
0,3,0.2963056044232219,2,0,0.04713766070721715,False,True,False,False,True,24.0,3,Young Adult,High
0,3,0.2334757476752953,0,0,0.015411575213749286,False,True,False,False,True,19.0,1,Young Adult,Low
0,3,0.35913546117114853,0,4,0.04113566043083236,True,False,False,False,True,29.0,5,Young Adult,High
0,3,0.36792055349407915,0,0,0.014110458666029575,False,True,True,False,False,29.69911764705882,1,Young Adult,Low
1,3,0.39683337521990447,0,0,0.015330377421392339,False,True,False,False,True,32.0,1,Adult,Low
1,2,0.7738125157074642,0,0,0.020494635090094415,False,True,False,False,True,62.0,1,Elderly,Medium
1,1,0.6607187735611963,2,0,0.10048070654571319,True,False,False,False,True,53.0,3,Elderly,Very High
1,1,0.4470972606182458,0,0,0.051504969851415845,False,True,False,False,True,36.0,1,Adult,High
1,3,0.36792055349407915,0,0,0.015126992566498259,True,False,False,True,False,29.69911764705882,1,Young Adult,Low
0,3,0.19577783362653933,0,0,0.015712553569072387,False,True,False,False,True,16.0,1,Child,Medium
0,3,0.2334757476752953,0,0,0.028302115124416098,False,True,False,False,True,19.0,1,Young Adult,High
1,2,0.4219653179190751,0,0,0.025374310111545468,True,False,False,False,True,34.0,1,Adult,Medium
1,1,0.4847951746670017,1,0,0.1091095334796455,True,False,False,False,True,39.0,2,Adult,Very High
0,3,0.36792055349407915,1,0,0.028220722145058292,True,False,True,False,False,29.69911764705882,2,Young Adult,High
1,3,0.39683337521990447,0,0,0.015468569817999833,False,True,False,False,True,32.0,1,Adult,Medium
1,2,0.3088715757728072,1,1,0.05855610025741262,True,False,False,False,True,25.0,3,Young Adult,High
1,1,0.4847951746670017,1,1,0.21642978772242535,True,False,True,False,False,39.0,3,Adult,Very High
0,2,0.6732847449107816,0,0,0.050748620223090936,False,True,False,False,True,54.0,1,Elderly,High
0,1,0.4470972606182458,0,0,0.07831878409428937,False,True,True,False,False,36.0,1,Adult,Very High
0,3,0.36792055349407915,0,0,0.017005667449756914,False,True,True,False,False,29.69911764705882,1,Young Adult,Medium
1,1,0.22090977632571,0,2,0.1554664461834305,True,False,False,False,True,18.0,3,Child,Very High
0,2,0.5853229454636844,0,0,0.02927805012870631,False,True,False,False,True,47.0,1,Adult,High
1,1,0.7486805730082936,1,1,0.15458810467956932,False,True,True,False,False,60.0,3,Elderly,Very High
0,3,0.2711736617240512,0,0,0.015712553569072387,False,True,False,False,True,22.0,1,Young Adult,Medium
0,3,0.36792055349407915,0,0,0.015712553569072387,False,True,False,False,True,29.69911764705882,1,Young Adult,Medium
0,3,0.4345312892686604,0,0,0.013907073811135496,False,True,False,False,True,35.0,1,Adult,Low
1,1,0.648152802211611,1,0,0.1527664244005612,True,False,True,False,False,52.0,2,Elderly,Very High
0,3,0.5853229454636844,0,0,0.014151057562208049,False,True,False,False,True,47.0,1,Adult,Low
0,3,0.36792055349407915,0,2,0.015126992566498259,True,False,False,True,False,29.69911764705882,3,Young Adult,Low
0,2,0.4596632319678311,1,0,0.050748620223090936,False,True,False,False,True,37.0,2,Adult,High
0,3,0.4470972606182458,1,1,0.04713766070721715,False,True,False,False,True,36.0,3,Adult,High
1,2,0.36792055349407915,0,0,0.06441171028315387,True,False,False,False,True,29.69911764705882,1,Young Adult,Very High
0,3,0.610454888162855,0,0,0.0,False,True,False,False,True,49.0,1,Adult,Low
0,3,0.36792055349407915,0,0,0.014102260811993537,False,True,True,False,False,29.69911764705882,1,Young Adult,Low
1,1,0.610454888162855,1,0,0.11111839809247648,False,True,True,False,False,49.0,2,Adult,Very High
1,2,0.2963056044232219,2,1,0.05270049023167135,True,False,False,False,True,24.0,4,Young Adult,High
0,3,0.36792055349407915,0,0,0.015411575213749286,False,True,False,False,True,29.69911764705882,1,Young Adult,Low
0,1,0.36792055349407915,0,0,0.08275928836380983,False,True,False,False,True,29.69911764705882,1,Young Adult,Very High
0,3,0.5476250314149284,0,0,0.015712553569072387,False,True,False,False,True,44.0,1,Adult,Medium
1,1,0.4345312892686604,0,0,0.051822148727810165,False,True,True,False,False,35.0,1,Adult,High
0,3,0.4470972606182458,1,0,0.030351578633425542,False,True,False,False,True,36.0,2,Adult,High
0,3,0.37170143252073384,0,0,0.015411575213749286,False,True,False,False,True,30.0,1,Young Adult,Low
1,1,0.33400351847197784,0,0,0.05953203526170282,False,True,False,False,True,27.0,1,Young Adult,High
1,2,0.2711736617240512,1,2,0.08115719346076702,True,False,True,False,False,22.0,4,Young Adult,Very High
1,1,0.49736114601658704,0,0,0.2995388511917728,True,False,False,False,True,40.0,1,Adult,Very High
0,3,0.4847951746670017,1,5,0.06104473451835265,True,False,False,False,True,39.0,7,Adult,Very High
0,3,0.36792055349407915,0,0,0.013760683560491965,False,True,False,False,True,29.69911764705882,1,Young Adult,Low
1,3,0.36792055349407915,1,0,0.030253985132996517,True,False,False,True,False,29.69911764705882,2,Young Adult,High
0,3,0.36792055349407915,0,0,0.015126992566498259,False,True,False,True,False,29.69911764705882,1,Young Adult,Low
0,3,0.4345312892686604,0,0,0.015712553569072387,False,True,False,False,True,35.0,1,Adult,Medium
1,2,0.2963056044232219,1,2,0.12687155055772734,True,False,False,False,True,24.0,4,Young Adult,Very High
0,3,0.4219653179190751,1,1,0.028106928123558056,False,True,False,False,True,34.0,3,Adult,Medium
0,3,0.32143754712239253,1,0,0.031425107138144774,True,False,False,False,True,26.0,2,Young Adult,High
1,2,0.04498617743151546,2,1,0.07612293033463641,True,False,False,False,True,4.0,4,Child,Very High
0,2,0.32143754712239253,0,0,0.020494635090094415,False,True,False,False,True,26.0,1,Young Adult,Medium
0,3,0.33400351847197784,1,0,0.028212719478023115,False,True,True,False,False,27.0,2,Young Adult,Medium
1,1,0.5224930887157577,1,0,0.10257896680493714,False,True,False,False,True,42.0,2,Adult,Very High
1,3,0.24604171902488062,1,1,0.030725752114070404,False,True,True,False,False,20.0,3,Young Adult,High
0,3,0.2586076903744659,0,0,0.015330377421392339,False,True,False,False,True,21.0,1,Young Adult,Low
0,3,0.2586076903744659,0,0,0.031425107138144774,False,True,False,False,True,21.0,1,Young Adult,High
0,1,0.7612465443578789,0,0,0.06308600017332605,False,True,False,False,True,61.0,1,Elderly,Very High
0,2,0.7109826589595376,0,0,0.024105594605968193,False,True,False,True,False,57.0,1,Elderly,Medium
1,1,0.2586076903744659,0,0,0.15216446768991498,True,False,False,False,True,21.0,1,Young Adult,Very High
0,3,0.32143754712239253,0,0,0.015411575213749286,False,True,False,False,True,26.0,1,Young Adult,Low
0,3,0.36792055349407915,0,0,0.015094396337354966,False,True,False,True,False,29.69911764705882,1,Young Adult,Low
1,1,1.0,0,0,0.05855610025741262,False,True,False,False,True,80.0,1,Elderly,High
0,3,0.6355868308620256,0,0,0.013768881414528002,False,True,False,False,True,51.0,1,Elderly,Low
1,1,0.39683337521990447,0,0,0.05953203526170282,False,True,True,False,False,32.0,1,Adult,High
0,1,0.36792055349407915,0,0,0.0,False,True,False,False,True,29.69911764705882,1,Young Adult,Low
0,3,0.10781603417944208,3,2,0.05445717323939373,True,False,False,False,True,9.0,6,Child,High
1,2,0.34656948982156316,0,0,0.025374310111545468,True,False,False,False,True,28.0,1,Young Adult,Medium
0,3,0.39683337521990447,0,0,0.015468569817999833,False,True,False,False,True,32.0,1,Adult,Medium
0,2,0.38426740387031916,1,1,0.05123658772523604,False,True,False,False,True,31.0,3,Adult,High
0,3,0.5099271173661725,0,5,0.07746484096553544,True,False,False,False,True,41.0,6,Adult,Very High
0,3,0.36792055349407915,1,0,0.031425107138144774,False,True,False,False,True,29.69911764705882,2,Young Adult,High
0,3,0.24604171902488062,0,0,0.015330377421392339,False,True,False,False,True,20.0,1,Young Adult,Low
1,1,0.2963056044232219,0,0,0.13526459159462315,True,False,True,False,False,24.0,1,Young Adult,Very High
0,3,0.01985423473234481,3,2,0.05445717323939373,True,False,False,False,True,2.0,6,Child,High
1,3,0.36792055349407915,0,0,0.11027245763075773,False,True,False,False,True,29.69911764705882,1,Young Adult,Very High
1,3,0.0041467705453631576,2,1,0.03758969818624431,True,False,True,False,False,0.75,4,Child,High
1,1,0.5978889168132697,1,0,0.1497654242623688,False,True,True,False,False,48.0,2,Adult,Very High
0,3,0.2334757476752953,0,0,0.015411575213749286,False,True,False,False,True,19.0,1,Young Adult,Low
1,1,0.6984166876099522,0,0,0.06929138530460494,False,True,True,False,False,56.0,1,Elderly,Very High
0,3,0.36792055349407915,0,0,0.014736618564782174,False,True,False,False,True,29.69911764705882,1,Young Adult,Low
1,3,0.2837396330736366,0,0,0.014736618564782174,True,False,False,False,True,23.0,1,Young Adult,Low
0,3,0.36792055349407915,0,0,0.015411575213749286,False,True,False,False,True,29.69911764705882,1,Young Adult,Low
1,2,0.22090977632571,0,1,0.044893010197349675,True,False,False,False,True,18.0,2,Child,High
0,3,0.2586076903744659,0,0,0.01646070534336126,False,True,False,False,True,21.0,1,Young Adult,Medium
1,3,0.36792055349407915,0,0,0.015281580671177828,True,False,False,True,False,29.69911764705882,1,Young Adult,Low
0,3,0.22090977632571,0,0,0.013175122557917838,True,False,False,True,False,18.0,1,Child,Low
0,2,0.2963056044232219,2,0,0.1434624456306609,False,True,False,False,True,24.0,3,Young Adult,Very High
0,3,0.36792055349407915,0,0,0.015411575213749286,False,True,False,False,True,29.69911764705882,1,Young Adult,Low
0,3,0.39683337521990447,1,1,0.030253985132996517,True,False,False,True,False,32.0,3,Adult,High
0,2,0.2837396330736366,0,0,0.025374310111545468,False,True,False,False,True,23.0,1,Young Adult,Medium
0,1,0.723548630309123,0,2,0.22109807522194713,False,True,True,False,False,58.0,3,Elderly,Very High
1,1,0.6230208595124404,2,0,0.2608674266467732,False,True,False,False,True,50.0,3,Adult,Very High
0,3,0.49736114601658704,0,0,0.014102260811993537,False,True,True,False,False,40.0,1,Adult,Low
0,1,0.5853229454636844,0,0,0.04994347384455151,False,True,False,False,True,47.0,1,Adult,High
0,3,0.4470972606182458,0,0,0.014630827210317117,False,True,False,False,True,36.0,1,Adult,Low
1,3,0.24604171902488062,1,0,0.015468569817999833,False,True,False,False,True,20.0,2,Young Adult,Medium
0,2,0.39683337521990447,2,0,0.1434624456306609,False,True,False,False,True,32.0,3,Adult,Very High
0,2,0.3088715757728072,0,0,0.025374310111545468,False,True,False,False,True,25.0,1,Young Adult,Medium
0,3,0.36792055349407915,0,0,0.015175789316712771,False,True,False,False,True,29.69911764705882,1,Young Adult,Low
0,3,0.5350590600653431,0,0,0.015712553569072387,False,True,False,False,True,43.0,1,Adult,Medium
1,1,0.36792055349407915,1,0,0.10149724044618187,True,False,False,False,True,29.69911764705882,2,Young Adult,Very High
1,2,0.49736114601658704,1,1,0.07612293033463641,True,False,False,False,True,40.0,3,Adult,Very High
0,1,0.38426740387031916,1,0,0.10149724044618187,False,True,False,False,True,31.0,2,Adult,Very High
0,2,0.8743402865041467,0,0,0.020494635090094415,False,True,False,False,True,70.0,1,Elderly,Medium
1,2,0.38426740387031916,0,0,0.025374310111545468,False,True,False,False,True,31.0,1,Adult,Medium
0,2,0.36792055349407915,0,0,0.0,False,True,False,False,True,29.69911764705882,1,Young Adult,Low
0,3,0.22090977632571,0,0,0.015175789316712771,False,True,False,False,True,18.0,1,Child,Low
0,3,0.30258859009801453,0,0,0.015712553569072387,False,True,False,False,True,24.5,1,Young Adult,Medium
1,3,0.22090977632571,0,0,0.019209719063445922,True,False,False,False,True,18.0,1,Child,Medium
0,3,0.5350590600653431,1,6,0.09154270340242172,True,False,False,False,True,43.0,8,Adult,Very High
1,1,0.4470972606182458,0,1,1.0,False,True,True,False,False,36.0,2,Adult,Very High
0,3,0.36792055349407915,0,0,0.01588334219482317,True,False,False,True,False,29.69911764705882,1,Young Adult,Medium
1,1,0.33400351847197784,0,0,0.1497654242623688,False,True,True,False,False,27.0,1,Young Adult,Very High
0,3,0.24604171902488062,0,0,0.01800600082915438,False,True,False,False,True,20.0,1,Young Adult,Medium
0,3,0.17064589092736868,5,2,0.09154270340242172,False,True,False,False,True,14.0,8,Child,Very High
0,2,0.7486805730082936,1,1,0.07612293033463641,False,True,False,False,True,60.0,3,Elderly,Very High
0,2,0.3088715757728072,1,2,0.08115719346076702,False,True,True,False,False,25.0,4,Young Adult,Very High
0,3,0.17064589092736868,4,1,0.07746484096553544,False,True,False,False,True,14.0,6,Child,Very High
0,3,0.2334757476752953,0,0,0.019852079483269742,False,True,False,False,True,19.0,1,Young Adult,Medium
0,3,0.22090977632571,0,0,0.015216388212891242,False,True,False,False,True,18.0,1,Child,Low
1,1,0.18321186227695402,0,1,0.41250332793836464,True,False,False,False,True,15.0,2,Child,Very High
1,1,0.38426740387031916,1,0,0.11125659048908397,False,True,False,False,True,31.0,2,Adult,Very High
1,3,0.04498617743151546,0,1,0.026187654344120927,True,False,True,False,False,4.0,2,Child,Medium
1,3,0.36792055349407915,0,0,0.11027245763075773,False,True,False,False,True,29.69911764705882,1,Young Adult,Very High
0,3,0.3088715757728072,0,0,0.014102260811993537,False,True,True,False,False,25.0,1,Young Adult,Low
0,1,0.7486805730082936,0,0,0.051822148727810165,False,True,False,False,True,60.0,1,Elderly,High
0,2,0.648152802211611,0,0,0.026350245115835676,False,True,False,False,True,52.0,1,Elderly,Medium
0,3,0.5476250314149284,0,0,0.015712553569072387,False,True,False,False,True,44.0,1,Adult,Medium
1,3,0.36792055349407915,0,0,0.015094396337354966,True,False,False,True,False,29.69911764705882,1,Young Adult,Low
0,1,0.610454888162855,1,1,0.21642978772242535,False,True,True,False,False,49.0,3,Adult,Very High
0,3,0.5224930887157577,0,0,0.014931805565640218,False,True,False,False,True,42.0,1,Adult,Low
1,1,0.22090977632571,1,0,0.4440992237022602,True,False,True,False,False,18.0,2,Child,Very High
1,1,0.4345312892686604,0,0,0.05130978285055781,False,True,False,False,True,35.0,1,Adult,High
0,3,0.22090977632571,0,1,0.028212719478023115,True,False,True,False,False,18.0,2,Child,Medium
0,3,0.3088715757728072,0,0,0.015110792045427042,False,True,False,True,False,25.0,1,Young Adult,Low
0,3,0.32143754712239253,1,0,0.015330377421392339,False,True,False,False,True,26.0,2,Young Adult,Low
0,2,0.4847951746670017,0,0,0.050748620223090936,False,True,False,False,True,39.0,1,Adult,High
1,2,0.5601910027645137,0,0,0.026350245115835676,True,False,False,False,True,45.0,1,Adult,Medium
1,1,0.5224930887157577,0,0,0.05130978285055781,False,True,False,False,True,42.0,1,Adult,High
1,1,0.2711736617240512,0,0,0.29580589980036276,True,False,False,False,True,22.0,1,Young Adult,Very High
1,3,0.36792055349407915,1,1,0.029757819776815374,False,True,True,False,False,29.69911764705882,3,Young Adult,High
1,1,0.2963056044232219,0,0,0.09662576327876685,True,False,True,False,False,24.0,1,Young Adult,Very High
0,1,0.36792055349407915,0,0,0.051822148727810165,False,True,False,False,True,29.69911764705882,1,Young Adult,High
1,1,0.5978889168132697,1,0,0.10149724044618187,False,True,False,False,True,48.0,2,Adult,Very High
0,3,0.35913546117114853,0,0,0.018510168852370702,False,True,False,False,True,29.0,1,Young Adult,Medium
0,2,0.648152802211611,0,0,0.025374310111545468,False,True,False,False,True,52.0,1,Elderly,Medium
0,3,0.2334757476752953,0,0,0.014931805565640218,False,True,False,False,True,19.0,1,Young Adult,Low
1,1,0.4722292033174164,0,0,0.4440992237022602,True,False,True,False,False,38.0,1,Adult,Very High
1,2,0.33400351847197784,0,0,0.020494635090094415,True,False,False,False,True,27.0,1,Young Adult,Medium
0,3,0.36792055349407915,0,0,0.030253985132996517,False,True,False,True,False,29.69911764705882,1,Young Adult,High
0,3,0.4093993465694898,0,0,0.015175789316712771,False,True,False,False,True,33.0,1,Adult,Low
1,2,0.0701181201306861,0,1,0.06441171028315387,True,False,False,False,True,6.0,2,Child,Very High
0,3,0.20834380497612465,1,0,0.013768881414528002,False,True,False,False,True,17.0,2,Child,Low
0,2,0.4219653179190751,0,0,0.025374310111545468,False,True,False,False,True,34.0,1,Adult,Medium
0,2,0.6230208595124404,0,0,0.025374310111545468,False,True,False,False,True,50.0,1,Adult,Medium
1,1,0.33400351847197784,1,0,0.10364429745562033,False,True,False,False,True,27.0,2,Young Adult,Very High
0,3,0.24604171902488062,0,0,0.016908073949327893,False,True,False,False,True,20.0,1,Young Adult,Medium
1,2,0.37170143252073384,3,0,0.04098927018018883,True,False,False,False,True,30.0,4,Young Adult,High
1,3,0.36792055349407915,0,0,0.015102594191391004,True,False,False,True,False,29.69911764705882,1,Young Adult,Low
0,2,0.3088715757728072,1,0,0.050748620223090936,False,True,False,False,True,25.0,2,Young Adult,High
0,3,0.3088715757728072,1,0,0.015468569817999833,True,False,False,False,True,25.0,2,Young Adult,Medium
1,1,0.35913546117114853,0,0,0.41250332793836464,True,False,False,False,True,29.0,1,Young Adult,Very High
0,3,0.1329479768786127,0,0,0.036670757786204655,False,True,True,False,False,11.0,1,Child,High
0,2,0.36792055349407915,0,0,0.0,False,True,False,False,True,29.69911764705882,1,Young Adult,Low
0,2,0.2837396330736366,0,0,0.025374310111545468,False,True,False,False,True,23.0,1,Young Adult,Medium
0,2,0.2837396330736366,0,0,0.025374310111545468,False,True,False,False,True,23.0,1,Young Adult,Medium
0,3,0.35285247549635584,0,0,0.031425107138144774,False,True,False,False,True,28.5,1,Young Adult,High
0,3,0.5978889168132697,1,3,0.06709553154495196,True,False,False,False,True,48.0,5,Adult,Very High
1,1,0.4345312892686604,0,0,1.0,False,True,True,False,False,35.0,1,Adult,Very High
0,3,0.36792055349407915,0,0,0.015411575213749286,False,True,False,False,True,29.69911764705882,1,Young Adult,Low
0,3,0.36792055349407915,0,0,0.015411575213749286,False,True,False,False,True,29.69911764705882,1,Young Adult,Low
1,1,0.36792055349407915,0,0,0.05855610025741262,False,True,False,False,True,29.69911764705882,1,Young Adult,High
0,1,0.4470972606182458,1,0,0.15390495017656614,False,True,False,False,True,36.0,2,Adult,Very High
1,1,0.2586076903744659,2,2,0.5121218935012878,True,False,True,False,False,21.0,5,Young Adult,Very High
0,3,0.2963056044232219,1,0,0.031425107138144774,False,True,False,False,True,24.0,2,Young Adult,High
1,3,0.38426740387031916,0,0,0.015468569817999833,False,True,False,False,True,31.0,1,Adult,Medium
0,1,0.8743402865041467,1,1,0.13858277060920987,False,True,False,False,True,70.0,3,Elderly,Very High
0,3,0.19577783362653933,1,1,0.03952536767375352,False,True,False,False,True,16.0,3,Child,High
1,2,0.37170143252073384,0,0,0.025374310111545468,True,False,False,False,True,30.0,1,Young Adult,Medium
0,1,0.2334757476752953,1,0,0.10364429745562033,False,True,False,False,True,19.0,2,Young Adult,Very High
0,3,0.38426740387031916,0,0,0.015126992566498259,False,True,False,True,False,31.0,1,Adult,Low
1,2,0.04498617743151546,1,1,0.044893010197349675,True,False,False,False,True,4.0,3,Child,High
1,3,0.0701181201306861,0,1,0.024349578357040744,False,True,False,False,True,6.0,2,Child,Medium
0,3,0.4093993465694898,0,0,0.018542765081513996,False,True,False,False,True,33.0,1,Adult,Medium
0,3,0.2837396330736366,0,0,0.015411575213749286,False,True,False,False,True,23.0,1,Young Adult,Low
1,2,0.5978889168132697,1,2,0.12687155055772734,True,False,False,False,True,48.0,4,Adult,Very High
1,2,0.003141492837396331,1,1,0.028302115124416098,False,True,False,False,True,0.67,3,Child,High
0,3,0.34656948982156316,0,0,0.015216388212891242,False,True,False,False,True,28.0,1,Young Adult,Low
0,2,0.22090977632571,0,0,0.022446505098674838,False,True,False,False,True,18.0,1,Child,Medium
0,3,0.4219653179190751,0,0,0.015712553569072387,False,True,False,False,True,34.0,1,Adult,Medium
1,1,0.4093993465694898,0,0,0.16883675574220638,True,False,False,False,True,33.0,1,Adult,Very High
0,3,0.36792055349407915,0,0,0.028302115124416098,False,True,False,False,True,29.69911764705882,1,Young Adult,High
0,3,0.5099271173661725,0,0,0.013907073811135496,False,True,False,False,True,41.0,1,Adult,Low
1,3,0.24604171902488062,0,0,0.014110458666029575,False,True,True,False,False,20.0,1,Young Adult,Low
1,1,0.4470972606182458,1,2,0.23422440102965048,True,False,False,False,True,36.0,4,Adult,Very High
0,3,0.19577783362653933,0,0,0.015175789316712771,False,True,False,False,True,16.0,1,Child,Low
1,1,0.6355868308620256,1,0,0.15216446768991498,True,False,False,False,True,51.0,2,Elderly,Very High
0,1,0.36792055349407915,0,0,0.07729405233978466,False,True,True,False,False,29.69911764705882,1,Young Adult,Very High
0,3,0.3779844181955265,0,0,0.015126992566498259,True,False,False,True,False,30.5,1,Adult,Low
0,3,0.36792055349407915,1,0,0.04713766070721715,False,True,False,True,False,29.69911764705882,2,Young Adult,High
0,3,0.39683337521990447,0,0,0.016322512946753766,False,True,False,False,True,32.0,1,Adult,Medium
0,3,0.2963056044232219,0,0,0.018542765081513996,False,True,False,False,True,24.0,1,Young Adult,Medium
0,3,0.5978889168132697,0,0,0.015330377421392339,False,True,False,False,True,48.0,1,Adult,Low
0,2,0.7109826589595376,0,0,0.020494635090094415,True,False,False,False,True,57.0,1,Elderly,Medium
0,3,0.36792055349407915,0,0,0.014102260811993537,False,True,True,False,False,29.69911764705882,1,Young Adult,Low
1,2,0.6732847449107816,1,3,0.044893010197349675,True,False,False,False,True,54.0,5,Elderly,High
0,3,0.22090977632571,0,0,0.015126992566498259,False,True,False,False,True,18.0,1,Child,Low
0,3,0.36792055349407915,0,0,0.015126992566498259,False,True,False,True,False,29.69911764705882,1,Young Adult,Low
1,3,0.05755214878110078,0,0,0.024349578357040744,True,False,False,False,True,5.0,1,Child,Medium
0,3,0.36792055349407915,0,0,0.015102594191391004,False,True,False,True,False,29.69911764705882,1,Young Adult,Low
1,1,0.5350590600653431,0,1,0.41250332793836464,True,False,False,False,True,43.0,2,Adult,Very High
1,3,0.15807991957778336,0,0,0.014110458666029575,True,False,True,False,False,13.0,1,Child,Low
1,1,0.20834380497612465,1,0,0.11125659048908397,True,False,False,False,True,17.0,2,Child,Very High
0,1,0.35913546117114853,0,0,0.05855610025741262,False,True,False,False,True,29.0,1,Young Adult,High
0,3,0.36792055349407915,1,2,0.04577135170121086,False,True,False,False,True,29.69911764705882,4,Young Adult,High
0,3,0.3088715757728072,0,0,0.013760683560491965,False,True,False,False,True,25.0,1,Young Adult,Low
0,3,0.3088715757728072,0,0,0.014151057562208049,False,True,False,False,True,25.0,1,Young Adult,Low
1,3,0.22090977632571,0,0,0.014630827210317117,True,False,False,False,True,18.0,1,Child,Low
0,3,0.09525006282985675,4,1,0.05684821399990475,False,True,False,True,False,8.0,6,Child,High
1,3,0.007288263382759488,1,2,0.04015972542654215,False,True,False,False,True,1.0,4,Child,High
0,1,0.5727569741140991,0,0,0.15458810467956932,False,True,True,False,False,46.0,1,Adult,Very High
0,3,0.36792055349407915,0,0,0.015126992566498259,False,True,False,True,False,29.69911764705882,1,Young Adult,Low
0,2,0.19577783362653933,0,0,0.050748620223090936,False,True,False,False,True,16.0,1,Child,High
0,3,0.36792055349407915,8,2,0.13575255909676825,True,False,False,False,True,29.69911764705882,11,Young Adult,Very High
0,1,0.36792055349407915,0,0,0.05991421140938287,False,True,True,False,False,29.69911764705882,1,Young Adult,High
0,3,0.3088715757728072,0,0,0.015411575213749286,False,True,False,False,True,25.0,1,Young Adult,Low
0,2,0.4847951746670017,0,0,0.025374310111545468,False,True,False,False,True,39.0,1,Adult,Medium
1,1,0.610454888162855,0,0,0.050610427826483444,True,False,False,False,True,49.0,1,Adult,High
1,3,0.38426740387031916,0,0,0.016948672845506364,True,False,False,False,True,31.0,1,Adult,Medium
0,3,0.37170143252073384,0,0,0.014110458666029575,False,True,True,False,False,30.0,1,Young Adult,Low
0,3,0.37170143252073384,1,1,0.04713766070721715,True,False,False,False,True,30.0,3,Young Adult,High
0,2,0.4219653179190751,0,0,0.025374310111545468,False,True,False,False,True,34.0,1,Adult,Medium
1,2,0.38426740387031916,1,1,0.05123658772523604,True,False,False,False,True,31.0,3,Adult,High
1,1,0.1329479768786127,1,2,0.23422440102965048,False,True,False,False,True,11.0,4,Child,Very High
1,3,0.0,0,1,0.016623491302076868,False,True,True,False,False,0.42,2,Child,Medium
1,3,0.33400351847197784,0,0,0.013614293309848433,False,True,False,False,True,27.0,1,Young Adult,Low
0,3,0.38426740387031916,0,0,0.015175789316712771,False,True,False,False,True,31.0,1,Adult,Low
0,1,0.4847951746670017,0,0,0.0,False,True,False,False,True,39.0,1,Adult,Low
0,3,0.22090977632571,0,0,0.015175789316712771,True,False,False,False,True,18.0,1,Child,Low
0,2,0.4847951746670017,0,0,0.025374310111545468,False,True,False,False,True,39.0,1,Adult,Medium
1,1,0.4093993465694898,1,0,0.10364429745562033,True,False,False,False,True,33.0,2,Adult,Very High
0,3,0.32143754712239253,0,0,0.015395374692678068,False,True,False,False,True,26.0,1,Young Adult,Low
0,3,0.4847951746670017,0,0,0.04713766070721715,False,True,False,False,True,39.0,1,Adult,High
0,2,0.4345312892686604,0,0,0.020494635090094415,False,True,False,False,True,35.0,1,Adult,Medium
0,3,0.0701181201306861,4,2,0.06104473451835265,True,False,False,False,True,6.0,7,Child,Very High
0,3,0.3779844181955265,0,0,0.015712553569072387,False,True,False,False,True,30.5,1,Adult,Medium
0,1,0.36792055349407915,0,0,0.0,False,True,False,False,True,29.69911764705882,1,Young Adult,Low
0,3,0.2837396330736366,0,0,0.015468569817999833,True,False,False,False,True,23.0,1,Young Adult,Medium
0,2,0.38426740387031916,1,1,0.07222738817151159,False,True,True,False,False,31.0,3,Adult,Very High
0,3,0.5350590600653431,0,0,0.012589561555343713,False,True,False,False,True,43.0,1,Adult,Low
0,3,0.12038200552902739,3,2,0.05445717323939373,False,True,False,False,True,10.0,6,Child,High
1,1,0.648152802211611,1,1,0.18249984580226933,True,False,False,False,True,52.0,3,Elderly,Very High
1,3,0.33400351847197784,0,0,0.016908073949327893,False,True,False,False,True,27.0,1,Young Adult,Medium
0,1,0.4722292033174164,0,0,0.0,False,True,False,False,True,38.0,1,Adult,Low
1,3,0.33400351847197784,0,1,0.024349578357040744,True,False,False,False,True,27.0,2,Young Adult,Medium
0,3,0.01985423473234481,4,1,0.07746484096553544,False,True,False,False,True,2.0,6,Child,Very High
0,3,0.36792055349407915,0,0,0.013565496559633922,False,True,False,True,False,29.69911764705882,1,Young Adult,Low
0,3,0.36792055349407915,0,0,0.11027245763075773,False,True,False,False,True,29.69911764705882,1,Young Adult,Very High
1,2,0.007288263382759488,0,2,0.07222738817151159,False,True,True,False,False,1.0,3,Child,Very High
1,3,0.36792055349407915,0,0,0.015126992566498259,False,True,False,True,False,29.69911764705882,1,Young Adult,Low
1,1,0.7738125157074642,0,0,0.15614960068643363,True,False,False,False,False,62.0,1,Elderly,Very High
1,3,0.18321186227695402,1,0,0.028212719478023115,True,False,True,False,False,15.0,2,Child,Medium
1,2,0.005152048253329982,1,1,0.03659756266088288,False,True,False,False,True,0.83,3,Child,High
0,3,0.36792055349407915,0,0,0.014110458666029575,False,True,True,False,False,29.69911764705882,1,Young Adult,Low
0,3,0.2837396330736366,0,0,0.015330377421392339,False,True,False,False,True,23.0,1,Young Adult,Low
0,3,0.22090977632571,0,0,0.016200521071217493,False,True,False,False,True,18.0,1,Child,Medium
1,1,0.4847951746670017,1,1,0.16231419173453318,True,False,True,False,False,39.0,3,Adult,Very High
0,3,0.2586076903744659,0,0,0.016908073949327893,False,True,False,False,True,21.0,1,Young Adult,Medium
0,3,0.36792055349407915,0,0,0.015712553569072387,False,True,False,False,True,29.69911764705882,1,Young Adult,Medium
1,3,0.39683337521990447,0,0,0.11027245763075773,False,True,False,False,True,32.0,1,Adult,Very High
1,1,0.36792055349407915,0,0,0.057970539254838485,False,True,True,False,False,29.69911764705882,1,Young Adult,High
0,3,0.24604171902488062,0,0,0.015468569817999833,False,True,False,False,True,20.0,1,Young Adult,Medium
0,2,0.19577783362653933,0,0,0.020494635090094415,False,True,False,False,True,16.0,1,Child,Medium
1,1,0.37170143252073384,0,0,0.060507970265993034,True,False,True,False,False,30.0,1,Young Adult,High
0,3,0.4282483035938678,0,0,0.012565163180236457,False,True,True,False,False,34.5,1,Adult,Low
0,3,0.20834380497612465,0,0,0.016908073949327893,False,True,False,False,True,17.0,1,Child,Medium
0,3,0.5224930887157577,0,0,0.014736618564782174,False,True,False,False,True,42.0,1,Adult,Low
0,3,0.36792055349407915,8,2,0.13575255909676825,False,True,False,False,True,29.69911764705882,11,Young Adult,Very High
0,3,0.4345312892686604,0,0,0.015411575213749286,False,True,True,False,False,35.0,1,Adult,Low
0,2,0.34656948982156316,0,1,0.06441171028315387,False,True,False,False,True,28.0,2,Young Adult,Very High
1,1,0.36792055349407915,1,0,0.17391981561855152,True,False,True,False,False,29.69911764705882,2,Young Adult,Very High
0,3,0.04498617743151546,4,2,0.06104473451835265,False,True,False,False,True,4.0,7,Child,Very High
0,3,0.9246041719024881,0,0,0.015175789316712771,False,True,False,False,True,74.0,1,Elderly,Low
0,3,0.10781603417944208,1,1,0.029757819776815374,True,False,True,False,False,9.0,3,Child,High
1,1,0.19577783362653933,0,1,0.07690367833806856,True,False,False,False,True,16.0,2,Child,Very High
0,2,0.5476250314149284,1,0,0.050748620223090936,True,False,False,False,True,44.0,2,Adult,High
1,3,0.22090977632571,0,1,0.018249984580226933,True,False,False,False,True,18.0,2,Child,Medium
1,1,0.5601910027645137,1,1,0.32179836714362564,True,False,False,False,True,45.0,3,Adult,Very High
1,1,0.6355868308620256,0,0,0.051822148727810165,False,True,False,False,True,51.0,1,Elderly,High
1,3,0.2963056044232219,0,3,0.03758969818624431,True,False,True,False,False,24.0,4,Young Adult,High
0,3,0.36792055349407915,0,0,0.014110458666029575,False,True,True,False,False,29.69911764705882,1,Young Adult,Low
0,3,0.5099271173661725,2,0,0.027537567642055148,False,True,False,False,True,41.0,3,Adult,Medium
0,2,0.2586076903744659,1,0,0.022446505098674838,False,True,False,False,True,21.0,2,Young Adult,Medium
1,1,0.5978889168132697,0,0,0.050610427826483444,True,False,False,False,True,48.0,1,Adult,High
0,3,0.36792055349407915,8,2,0.13575255909676825,True,False,False,False,True,29.69911764705882,11,Young Adult,Very High
0,2,0.2963056044232219,0,0,0.025374310111545468,False,True,False,False,True,24.0,1,Young Adult,Medium
1,2,0.5224930887157577,0,0,0.025374310111545468,True,False,False,False,True,42.0,1,Adult,Medium
1,2,0.33400351847197784,1,0,0.027049600139910042,True,False,True,False,False,27.0,2,Young Adult,Medium
0,1,0.38426740387031916,0,0,0.09856123757927521,False,True,False,False,True,31.0,1,Adult,Very High
0,3,0.36792055349407915,0,0,0.018542765081513996,False,True,False,False,True,29.69911764705882,1,Young Adult,Medium
1,3,0.04498617743151546,1,1,0.021730754366528396,False,True,False,False,True,4.0,3,Child,Medium
0,3,0.32143754712239253,0,0,0.015411575213749286,False,True,False,False,True,26.0,1,Young Adult,Low
1,1,0.5853229454636844,1,1,0.10257896680493714,True,False,False,False,True,47.0,3,Adult,Very High
0,1,0.4093993465694898,0,0,0.009759350042902102,False,True,False,False,True,33.0,1,Adult,Low
0,3,0.5853229454636844,0,0,0.017566830077223785,False,True,False,False,True,47.0,1,Adult,Medium
1,2,0.34656948982156316,1,0,0.04684488020593009,True,False,True,False,False,28.0,2,Young Adult,High
1,3,0.18321186227695402,0,0,0.014102260811993537,True,False,True,False,False,15.0,1,Child,Low
0,3,0.24604171902488062,0,0,0.019217721730481106,False,True,False,False,True,20.0,1,Young Adult,Medium
0,3,0.2334757476752953,0,0,0.015411575213749286,False,True,False,False,True,19.0,1,Young Adult,Low
0,3,0.36792055349407915,0,0,0.015411575213749286,False,True,False,False,True,29.69911764705882,1,Young Adult,Low
1,1,0.6984166876099522,0,1,0.16231419173453318,True,False,True,False,False,56.0,2,Elderly,Very High
1,2,0.3088715757728072,0,1,0.050748620223090936,True,False,False,False,True,25.0,2,Young Adult,High
0,3,0.4093993465694898,0,0,0.015411575213749286,False,True,False,False,True,33.0,1,Adult,Low
0,3,0.2711736617240512,0,0,0.02052723131923771,True,False,False,False,True,22.0,1,Young Adult,Medium
0,2,0.34656948982156316,0,0,0.020494635090094415,False,True,False,False,True,28.0,1,Young Adult,Medium
0,3,0.3088715757728072,0,0,0.013760683560491965,False,True,False,False,True,25.0,1,Young Adult,Low
0,3,0.4847951746670017,0,5,0.05684821399990475,True,False,False,True,False,39.0,6,Adult,High
0,2,0.33400351847197784,0,0,0.025374310111545468,False,True,False,False,True,27.0,1,Young Adult,Medium
1,1,0.2334757476752953,0,0,0.05855610025741262,True,False,False,False,True,19.0,1,Young Adult,High
0,3,0.36792055349407915,1,2,0.04577135170121086,True,False,False,False,True,29.69911764705882,4,Young Adult,High
1,1,0.32143754712239253,0,0,0.05855610025741262,False,True,True,False,False,26.0,1,Young Adult,High
0,3,0.39683337521990447,0,0,0.015126992566498259,False,True,False,True,False,32.0,1,Adult,Low
